invoice_id,order_id,expected_amount,invoice_date,customer_id,invoice_status
INV10001,ORD10001,71095.12,2026-06-24,CUST1001,issued
INV10002,  ORD10002  ,"68,236.83",2026-06-12,CUST1002,issued
INV10003,ORD10003,43957.05,2026-06-03,CUST1003,issued
INV10004,ORD10004,40597.37,2026-07-05,CUST1004,issued
INV10005,  ORD10005  ,7397.55 INR,16/07/2026,CUST1005,issued
INV10006,ORD10006,6230.94,2026-06-20,CUST1006,issued
INV10007,ORD10007,38443.77,2026-06-11,CUST1007,issued
INV10008,ORD10008,57366.36,2026-07-06,CUST1008,issued
INV10009,ORD10009,59787.21,2026-06-03,CUST1009,issued
INV10010,ORD10010,4644.14,2026-07-13,CUST1010,issued
INV10011,ORD10011,1789.96,2026-06-29,CUST1011,issued
INV10012,ORD10012,55403.42,2026-06-25,CUST1012,issued
INV10013,ORD10013,20910.15,2026-06-08,CUST1013,issued
INV10014,  ORD10014  ,"₹71,834.07",10-Jun-2026,CUST1014,issued
INV10015,ORD10015,27757.09,2026-07-05,CUST1015,issued
INV10016,ORD10016,29489.18,2026-06-26,CUST1016,issued
INV10017,ORD10017,73851.60,2026-06-29,CUST1017,issued
INV10018,ORD10018,11429.74,2026-06-07,CUST1018,issued
INV10019,ORD10019,71664.55,2026-07-08,CUST1019,issued
INV10020,  ORD10020  ,"23,457.74",2026-06-08,CUST1020,issued
INV10021,ORD10021,22426.92,2026-07-10,CUST1021,issued
INV10022,ORD10022,68128.56,2026-06-23,CUST1022,issued
INV10023,ORD10023,60882.19,2026-07-19,CUST1023,issued
INV10024,ord10024,37009.36 INR,17/07/2026,CUST1024,issued
INV10025,ORD10025,17090.75,2026-06-11,CUST1025,issued
INV10026,ORD10026,59993.32,2026-06-06,CUST1026,issued
INV10027,ORD10027,66686.92,2026-06-27,CUST1027,issued
INV10028,ORD10028,54387.42,2026-06-11,CUST1028,issued
INV10029,ORD10029,62005.63,2026-07-01,CUST1029,issued
INV10030,ORD10030,39540.92,2026-07-30,CUST1030,issued
INV10031,ORD10031,16037.21,2026-07-03,CUST1031,issued
INV10032,ORD10032,68260.28,2026-06-23,CUST1032,issued
INV10033,ord10033,"₹11,472.55",02-Jul-2026,CUST1033,issued
INV10034,ORD10034,66253.76,2026-06-03,CUST1034,issued
INV10035,ORD10035,2187.15,2026-07-27,CUST1035,issued
INV10036,ORD10036,38160.90,2026-07-22,CUST1036,issued
INV10037,ORD10037,10371.37,2026-06-08,CUST1037,issued
INV10038,ORD10038,50243.46,2026-07-20,CUST1038,issued
INV10039,ORD10039,72569.10,2026-06-13,CUST1039,issued
INV10040,ORD10040,12193.81,2026-06-27,CUST1040,issued
INV10041,  ORD10041  ,"7,005.33",2026-06-24,CUST1041,issued
INV10042,ORD10042,20466.84,2026-07-26,CUST1042,issued
INV10043,ORD10043,30505.49,2026-07-03,CUST1043,issued
INV10044,ORD10044,31956.25,2026-06-05,CUST1044,issued
INV10045,ORD10045,64231.52,2026-06-03,CUST1045,issued
INV10046,ORD10046,69507.53,2026-06-18,CUST1046,issued
INV10047,ORD10047,3873.44,2026-06-12,CUST1047,issued
INV10048,ORD10048,50444.57,2026-06-18,CUST1048,issued
INV10049,ORD10049,55007.72,2026-07-06,CUST1049,issued
INV10050,ORD10050,49272.56,2026-07-05,CUST1050,issued
INV10052,ORD10052,73642.96,2026-07-24,CUST1052,issued
INV10053,ORD10053,6427.92,2026-07-24,CUST1053,issued
INV10054,ORD10054,3488.29,2026-06-11,CUST1054,issued
INV10055,ORD10055,24332.69,2026-06-03,CUST1055,issued
INV10056,ORD10056,28683.83,2026-07-01,CUST1056,issued
INV10057,ORD10057,19886.23,2026-06-04,CUST1057,issued
INV10058,ORD10058,6427.76,2026-07-02,CUST1058,issued
INV10059,ORD10059,11294.79,2026-07-15,CUST1059,issued
INV10060,ORD10060,10534.14,2026-07-02,CUST1060,issued
INV10061,ORD10061,6473.37,2026-06-02,CUST1061,issued
INV10062,ORD10062,3903.45,2026-06-01,CUST1062,issued
INV10063,ORD10063,34325.44,2026-06-03,CUST1063,issued
INV10064,ORD10064,55955.02,2026-06-29,CUST1064,issued
INV10065,ORD10065,17382.14,2026-07-11,CUST1065,issued
INV10066,ORD10066,57546.06,2026-07-09,CUST1066,issued
INV10067,OrD10067,46624.19,08-Jun-2026,CUST1067,issued
INV10068,ORD10068,74498.20,2026-07-05,CUST1068,issued
INV10069,ORD10069,5827.17,2026-07-03,CUST1069,issued
INV10070,ORD10070,5688.50,2026-06-04,CUST1070,issued
INV10071,ORD10071,21039.64,2026-06-08,CUST1071,issued
INV10072,ORD10072,368.93,2026-07-01,CUST1072,issued
INV10073,ORD10073,23774.25,2026-07-24,CUST1073,issued
INV10074,ORD10074,53505.47,2026-07-27,CUST1074,issued
INV10075,ORD10075,5822.41,2026-07-30,CUST1075,issued
INV10076,ORD10076,62617.23,2026-06-17,CUST1076,issued
INV10077,ORD10077,14319.69,2026-06-23,CUST1077,issued
INV10078,ord10078,"41,237.19",17-Jul-2026,CUST1078,issued
INV10080,ORD10080,22632.64,2026-07-06,CUST1080,issued
INV10081,ORD10081,67956.40,2026-07-01,CUST1081,issued
INV10082,OrD10082,41129.12,15-Jun-2026,CUST1082,issued
INV10083,ORD10083,15829.37,2026-06-17,CUST1083,issued
INV10084,ORD10084,51537.81,2026-07-04,CUST1084,issued
INV10085,ORD10085,30041.81,2026-06-29,CUST1085,issued
INV10086,ORD10086,53242.43,2026-07-28,CUST1086,issued
INV10087,ORD10087,11662.94,2026-07-02,CUST1087,issued
INV10088,ORD10088,202.32,2026-06-07,CUST1088,issued
INV10089,ORD10089,39666.16,2026-06-26,CUST1089,issued
INV10090,ORD10090,14458.46,2026-06-16,CUST1090,issued
INV10091,ORD10091,71924.60,2026-07-12,CUST1091,issued
INV10092,ORD10092,72050.01,2026-07-14,CUST1092,issued
INV10093,ORD10093,6173.80,2026-06-15,CUST1093,issued
INV10094,ORD10094,53903.08,2026-06-22,CUST1094,issued
INV10095,ORD10095,15470.87,2026-06-13,CUST1095,issued
INV10096,ORD10096,8264.70,2026-07-09,CUST1096,issued
INV10097,ORD10097,71162.22,2026-06-10,CUST1097,issued
INV10098,ORD10098,3982.86,2026-06-04,CUST1098,issued
INV10099,ORD10099,69876.50,2026-06-21,CUST1099,issued
INV10100,ORD10100,62950.61,2026-06-22,CUST1100,issued
INV10101,ORD10101,31571.72,2026-07-26,CUST1101,issued
INV10103,ORD10103,18676.18,2026-07-11,CUST1103,issued
INV10104,  ORD10104  ,"₹19,350.49",2026-07-16,CUST1104,issued
INV10105,ORD10105,61968.77,2026-06-06,CUST1105,issued
INV10106,ORD10106,45583.34,2026-06-21,CUST1106,issued
INV10107,ORD10107,56491.14,2026-06-14,CUST1107,issued
INV10108,ORD10108,12135.86,2026-06-28,CUST1108,issued
INV10109,ORD10109,7322.05,2026-07-02,CUST1109,issued
INV10112,ORD10112,14011.66,2026-06-15,CUST1112,issued
INV10113,ORD10113,74434.41,2026-07-02,CUST1113,issued
INV10114,ORD10114,7764.70,2026-07-01,CUST1114,issued
INV10115,ORD10115,17543.66,2026-06-03,CUST1115,issued
INV10116,ORD10116,64972.94,2026-06-27,CUST1116,issued
INV10117,ORD10117,53256.99,2026-06-23,CUST1117,issued
INV10118,ORD10118,2963.88,2026-07-16,CUST1118,issued
INV10119,  ORD10119  ,"₹13,967.37",18/06/2026,CUST1119,issued
INV10120,ORD10120,52185.90,2026-06-26,CUST1120,issued
INV10121,ORD10121,66288.75,2026-06-26,CUST1121,issued
INV10122,ORD10122,15354.67,2026-05-31,CUST1122,issued
INV10123,ORD10123,66224.56,2026-06-30,CUST1123,issued
INV10125,ORD10125,21318.80,2026-07-04,CUST1125,issued
INV10126,ord10126,"9,586.11",30/07/2026,CUST1126,issued
INV10127,ORD10127,16438.45,2026-06-26,CUST1127,issued
INV10128,ORD10128,72804.85,2026-07-22,CUST1128,issued
INV10129,ORD10129,29298.76,2026-06-29,CUST1129,issued
INV10130,ORD10130,43738.59,2026-06-28,CUST1130,issued
INV10131,ORD10131,46455.00,2026-07-01,CUST1131,issued
INV10132,ORD10132,8120.00,2026-06-07,CUST1132,issued
INV10134,  ORD10134  ,54933.12 INR,07-23-2026,CUST1134,issued
INV10135,ORD10135,20696.95,2026-07-21,CUST1135,issued
INV10136,ORD10136,46228.38,2026-06-16,CUST1136,issued
INV10137,ORD10137,51008.03,2026-07-26,CUST1137,issued
INV10138,ORD10138,47760.27,2026-06-22,CUST1138,issued
INV10139,ORD10139,55370.44,2026-06-23,CUST1139,issued
INV10140,ORD10140,33226.89,2026-06-12,CUST1140,issued
INV10141,ORD10141,16700.65,2026-06-19,CUST1141,issued
INV10142,OrD10142,17121.75 INR,10/07/2026,CUST1142,issued
INV10143,ORD10143,27530.97,2026-07-24,CUST1143,issued
INV10144,ORD10144,7275.77,2026-07-10,CUST1144,issued
INV10145,ORD10145,4304.18,2026-07-21,CUST1145,issued
INV10146,  ORD10146  ,"₹18,712.43",26/07/2026,CUST1146,issued
INV10147,ORD10147,31047.05,2026-07-04,CUST1147,issued
INV10148,ORD10148,23272.75,2026-06-18,CUST1148,issued
INV10149,ORD10149,28199.39,2026-06-28,CUST1149,issued
INV10150,ord10150,"19,680.86",2026-07-12,CUST1150,issued
INV10151,ORD10151,19601.61,2026-06-15,CUST1151,issued
INV10152,ORD10152,66024.34,2026-06-20,CUST1152,issued
INV10153,ORD10153,64328.45,2026-06-27,CUST1153,issued
INV10154,ORD10154,43941.39,2026-07-07,CUST1154,issued
INV10155,ORD10155,69678.27,2026-06-23,CUST1155,issued
INV10156,ord10156,"51,977.63",11/07/2026,CUST1156,issued
INV10157,ORD10157,2636.16,2026-07-29,CUST1157,issued
INV10158,ORD10158,7580.79,2026-06-06,CUST1158,issued
INV10159,ORD10159,19660.86,2026-06-21,CUST1159,issued
INV10160,ORD10160,35758.60,2026-06-18,CUST1160,issued
INV10161,ORD10161,57999.64,2026-06-23,CUST1161,issued
INV10162,ORD10162,61503.86,2026-06-11,CUST1162,issued
INV10163,ORD10163,36862.64,2026-07-01,CUST1163,issued
INV10164,ORD10164,70795.85,2026-06-19,CUST1164,issued
INV10165,ord10165,70409.48,2026-07-18,CUST1165,issued
INV10166,ORD10166,15538.15,2026-06-15,CUST1166,issued
INV10168,ORD10168,24566.85,2026-06-09,CUST1168,issued
INV10169,ORD10169,51710.70,2026-06-15,CUST1169,issued
INV10170,ORD10170,38126.99,2026-06-18,CUST1170,issued
INV10171,ORD10171,73110.07,2026-07-16,CUST1171,issued
INV10172,ORD10172,19475.74,2026-07-16,CUST1172,issued
INV10173,ORD10173,73789.08,2026-07-21,CUST1173,issued
INV10174,ORD10174,21132.25,2026-07-25,CUST1174,issued
INV10175,ORD10175,37586.44,2026-07-09,CUST1175,issued
INV10176,ORD10176,513.27,2026-06-14,CUST1176,issued
INV10177,ORD10177,63948.05,2026-07-13,CUST1177,issued
INV10178,ORD10178,67116.34,2026-06-16,CUST1178,issued
INV10179,ORD10179,63723.17,2026-06-29,CUST1179,issued
INV10180,ORD10180,67097.63,2026-06-21,CUST1180,issued
INV10181,ORD10181,40797.66,2026-06-10,CUST1181,issued
INV10182,ORD10182,25779.60,2026-07-16,CUST1182,issued
INV10183,ORD10183,54710.08,2026-07-09,CUST1183,issued
INV10184,ORD10184,1096.79,2026-06-26,CUST1184,issued
INV10185,ORD10185,16909.60,2026-07-16,CUST1185,issued
INV10186,ORD10186,54080.79,2026-07-22,CUST1186,issued
INV10187,ORD10187,48755.60,2026-07-18,CUST1187,issued
INV10188,ORD10188,51590.12,2026-06-28,CUST1188,issued
INV10189,ORD10189,24092.01,2026-07-01,CUST1189,issued
INV10190,ORD10190,4374.01,2026-07-22,CUST1190,issued
INV10191,ORD10191,1222.44,2026-05-30,CUST1191,issued
INV10192,ORD10192,43428.68,2026-07-25,CUST1192,issued
INV10193,ORD10193,59396.41,2026-06-09,CUST1193,issued
INV10194,ORD10194,59126.73,2026-07-24,CUST1194,issued
INV10195,ORD10195,50375.02,2026-06-07,CUST1195,issued
INV10196,ORD10196,41834.51,2026-06-30,CUST1196,issued
INV10197,ORD10197,40511.75,2026-07-24,CUST1197,issued
INV10198,ORD10198,37370.73,2026-06-19,CUST1198,issued
INV10199,ORD10199,47814.36,2026-07-09,CUST1199,issued
INV10200,ORD10200,60664.11,2026-06-07,CUST1200,issued
INV10201,ord10201,46933.31,21-Jun-2026,CUST1201,issued
INV10202,ORD10202,41596.67,2026-07-22,CUST1202,issued
INV10203,ORD10203,73823.08,2026-07-25,CUST1203,issued
INV10204,ORD10204,23850.34,2026-06-19,CUST1204,issued
INV10205,ORD10205,66431.54,2026-07-05,CUST1205,issued
INV10206,ORD10206,61664.90,2026-07-01,CUST1206,issued
INV10207,ORD10207,65736.54,2026-06-06,CUST1207,issued
INV10208,OrD10208,49805.11,07-26-2026,CUST1208,issued
INV10209,ORD10209,32357.56,2026-07-10,CUST1209,issued
INV10210,ORD10210,61874.24,2026-07-18,CUST1210,issued
INV10211,ORD10211,44580.32,2026-07-31,CUST1211,issued
INV10212,ORD10212,48373.49,2026-06-14,CUST1212,issued
INV10213,ord10213,"₹73,999.95",24/07/2026,CUST1213,issued
INV10214,ORD10214,22056.43,2026-07-04,CUST1214,issued
INV10215,ORD10215,953.93,2026-06-01,CUST1215,issued
INV10216,ORD10216,23398.59,2026-07-17,CUST1216,issued
INV10217,ORD10217,71546.55,2026-06-10,CUST1217,issued
INV10218,  ORD10218  ,25108.03,17-Jun-2026,CUST1218,issued
INV10219,ORD10219,57881.26,2026-06-14,CUST1219,issued
INV10220,ORD10220,31745.25,2026-07-08,CUST1220,issued
INV10221,ORD10221,11110.23,2026-07-23,CUST1221,issued
INV10222,ORD10222,40544.59,2026-06-30,CUST1222,issued
INV10223,ORD10223,50856.88,2026-06-29,CUST1223,issued
INV10224,ORD10224,6668.80,2026-07-20,CUST1224,issued
INV10225,ORD10225,66393.54,2026-07-04,CUST1225,issued
INV10226,ORD10226,7004.91,2026-07-20,CUST1226,issued
INV10227,ORD10227,18548.23,2026-07-28,CUST1227,issued
INV10228,ORD10228,59072.33,2026-06-08,CUST1228,issued
INV10229,ORD10229,7146.95,2026-06-14,CUST1229,issued
INV10230,ORD10230,69419.60,2026-06-18,CUST1230,issued
INV10231,ORD10231,15154.08,2026-06-11,CUST1231,issued
INV10232,ORD10232,36563.98,2026-07-23,CUST1232,issued
INV10233,ORD10233,19363.81,2026-07-06,CUST1233,issued
INV10234,ORD10234,27881.24,2026-06-15,CUST1234,issued
INV10235,OrD10235,"67,716.31",07-26-2026,CUST1235,issued
INV10236,ORD10236,44400.75,2026-07-18,CUST1236,issued
INV10237,ORD10237,28186.24,2026-06-25,CUST1237,issued
INV10238,ORD10238,53820.28,2026-06-11,CUST1238,issued
INV10239,ORD10239,66664.20,2026-06-09,CUST1239,issued
INV10240,ORD10240,16701.65,2026-06-04,CUST1240,issued
INV10241,ORD10241,31427.90,2026-06-16,CUST1241,issued
INV10242,ORD10242,36876.42,2026-06-21,CUST1242,issued
INV10243,ORD10243,42039.69,2026-07-23,CUST1243,issued
INV10244,ORD10244,74856.61,2026-07-30,CUST1244,issued
INV10245,  ORD10245  ,10911.90,11-Jul-2026,CUST1245,issued
INV10246,ORD10246,42893.35,2026-06-09,CUST1246,issued
INV10247,OrD10247,"₹45,088.83",24-Jul-2026,CUST1247,issued
INV10248,ORD10248,38932.59,2026-06-22,CUST1248,issued
INV10249,ORD10249,10082.82,2026-07-13,CUST1249,issued
INV10250,OrD10250,"₹43,161.49",2026-07-24,CUST1250,issued
INV10251,ORD10251,33538.27,2026-06-02,CUST1251,issued
INV10252,ord10252,46469.02,09/06/2026,CUST1252,issued
INV10253,OrD10253,"₹7,804.56",25/07/2026,CUST1253,issued
INV10254,ORD10254,44426.73,2026-07-25,CUST1254,issued
INV10255,ORD10255,71119.76,2026-05-31,CUST1255,issued
INV10256,OrD10256,"₹2,811.93",30/07/2026,CUST1256,issued
INV10257,ORD10257,18771.40,2026-06-28,CUST1257,issued
INV10258,ORD10258,24393.83,2026-06-12,CUST1258,issued
INV10259,ORD10259,47527.54,2026-07-20,CUST1259,issued
INV10260,ORD10260,20006.32,2026-07-14,CUST1260,issued
INV10261,ORD10261,9215.30,2026-05-31,CUST1261,issued
INV10262,ORD10262,35034.65,2026-07-04,CUST1262,issued
INV10264,ORD10264,52143.11,2026-06-13,CUST1264,issued
INV10265,ORD10265,45998.70,2026-07-01,CUST1265,issued
INV10266,ORD10266,40989.08,2026-07-07,CUST1266,issued
INV10267,ORD10267,24478.28,2026-06-18,CUST1267,issued
INV10268,ORD10268,41379.53,2026-07-08,CUST1268,issued
INV10269,  ORD10269  ,26623.09 INR,2026-07-17,CUST1269,issued
INV10270,ORD10270,20224.33,2026-07-11,CUST1270,issued
INV10271,ORD10271,30840.30,2026-07-05,CUST1271,issued
INV10272,ORD10272,45589.30,2026-06-23,CUST1272,issued
INV10273,ORD10273,22039.62,2026-06-25,CUST1273,issued
INV10274,ORD10274,33357.91,2026-06-11,CUST1274,issued
INV10275,ORD10275,61640.69,2026-06-21,CUST1275,issued
INV10276,ORD10276,2015.58,2026-06-15,CUST1276,issued
INV10277,ORD10277,38856.85,2026-07-04,CUST1277,issued
INV10278,ORD10278,50749.36,2026-06-28,CUST1278,issued
INV10279,ORD10279,37618.07,2026-07-11,CUST1279,issued
INV10280,ORD10280,67446.57,2026-07-07,CUST1280,issued
INV10281,ORD10281,27562.66,2026-06-04,CUST1281,issued
INV10282,ORD10282,61559.54,2026-07-02,CUST1282,issued
INV10283,ORD10283,15663.79,2026-07-26,CUST1283,issued
INV10284,ORD10284,51911.26,2026-05-31,CUST1284,issued
INV10285,ord10285,"₹44,006.41",2026-07-13,CUST1285,issued
INV10286,ORD10286,12873.13,2026-07-02,CUST1286,issued
INV10287,ORD10287,51373.89,2026-07-07,CUST1287,issued
INV10288,ord10288,"2,563.49",2026-07-10,CUST1288,issued
INV10289,ORD10289,4188.37,2026-06-16,CUST1289,issued
INV10290,ORD10290,22845.37,2026-07-08,CUST1290,issued
INV10291,ORD10291,16682.73,2026-06-20,CUST1291,issued
INV10292,ORD10292,13092.72,2026-06-21,CUST1292,issued
INV10293,ORD10293,8704.99,2026-07-04,CUST1293,issued
INV10294,ORD10294,41582.69,2026-06-25,CUST1294,issued
INV10295,ORD10295,49854.15,2026-06-22,CUST1295,issued
INV10296,ORD10296,40910.48,2026-07-20,CUST1296,issued
INV10297,ORD10297,16314.06,2026-06-25,CUST1297,issued
INV10298,ORD10298,67481.34,2026-07-06,CUST1298,issued
INV10299,ORD10299,9501.20,2026-07-18,CUST1299,issued
INV10300,ORD10300,49348.36,2026-07-07,CUST1300,issued
INV10301,ORD10301,24145.68,2026-07-12,CUST1301,issued
INV10302,  ORD10302  ,"5,036.73",06-20-2026,CUST1302,issued
INV10303,ORD10303,67281.10,2026-06-01,CUST1303,issued
INV10304,ORD10304,67962.82,2026-06-05,CUST1304,issued
INV10305,ORD10305,30409.21,2026-07-08,CUST1305,issued
INV10306,ORD10306,41470.59,2026-07-10,CUST1306,issued
INV10307,ORD10307,19177.71,2026-06-26,CUST1307,issued
INV10308,ORD10308,67590.20,2026-07-27,CUST1308,issued
INV10309,ORD10309,15839.42,2026-07-27,CUST1309,issued
INV10310,ORD10310,74858.41,2026-07-09,CUST1310,issued
INV10311,ORD10311,69772.63,2026-07-13,CUST1311,issued
INV10312,ORD10312,38198.51,2026-07-14,CUST1312,issued
INV10313,ORD10313,71427.20,2026-07-23,CUST1313,issued
INV10314,ORD10314,19594.74,2026-06-02,CUST1314,issued
INV10315,ORD10315,10375.56,2026-07-14,CUST1315,issued
INV10316,ORD10316,38702.08,2026-06-27,CUST1316,issued
INV10317,ORD10317,44107.77,2026-06-14,CUST1317,issued
INV10318,ORD10318,73450.25,2026-07-23,CUST1318,issued
INV10319,OrD10319,36546.99,06-02-2026,CUST1319,issued
INV10320,  ORD10320  ,12690.34,04/06/2026,CUST1320,issued
INV10321,ORD10321,24203.80,2026-06-23,CUST1321,issued
INV10322,OrD10322,10485.07 INR,01/06/2026,CUST1322,issued
INV10323,ORD10323,24079.66,2026-06-24,CUST1323,issued
INV10324,ORD10324,8131.98,2026-07-22,CUST1324,issued
INV10325,ORD10325,37514.80,2026-06-11,CUST1325,issued
INV10326,  ORD10326  ,33294.81,06-26-2026,CUST1326,issued
INV10327,ORD10327,49655.72,2026-07-03,CUST1327,issued
INV10328,ORD10328,67809.55,2026-06-11,CUST1328,issued
INV10329,ORD10329,6469.63,2026-06-19,CUST1329,issued
INV10330,ord10330,"6,199.76",07-21-2026,CUST1330,issued
INV10331,ORD10331,66394.30,2026-06-02,CUST1331,issued
INV10332,ORD10332,49570.11,2026-06-24,CUST1332,issued
INV10333,ord10333,33158.45,17-Jun-2026,CUST1333,issued
INV10334,OrD10334,40637.88,13-Jul-2026,CUST1334,issued
INV10335,ORD10335,12927.01,2026-06-11,CUST1335,issued
INV10336,ORD10336,30386.30,2026-06-03,CUST1336,issued
INV10337,ORD10337,53086.24,2026-06-28,CUST1337,issued
INV10338,ORD10338,12683.58,2026-07-18,CUST1338,issued
INV10340,ORD10340,7563.43,2026-07-05,CUST1340,issued
INV10341,ORD10341,52075.19,2026-06-02,CUST1341,issued
INV10342,ORD10342,13976.63,2026-07-05,CUST1342,issued
INV10343,ORD10343,74795.39,2026-07-18,CUST1343,issued
INV10344,ORD10344,36589.06,2026-07-01,CUST1344,issued
INV10345,ORD10345,72567.95,2026-07-14,CUST1345,issued
INV10346,ORD10346,16301.95,2026-07-27,CUST1346,issued
INV10347,ORD10347,24919.55,2026-06-28,CUST1347,issued
INV10348,ORD10348,25100.08,2026-05-31,CUST1348,issued
INV10349,OrD10349,"₹20,522.75",06-17-2026,CUST1349,issued
INV10350,ORD10350,65473.73,2026-07-30,CUST1350,issued
INV10351,ORD10351,64004.92,2026-06-15,CUST1351,issued
INV10352,ORD10352,66286.32,2026-07-20,CUST1352,issued
INV10353,ORD10353,10257.94,2026-05-31,CUST1353,issued
INV10354,ORD10354,57948.85,2026-07-29,CUST1354,issued
INV10355,ORD10355,54526.45,2026-07-04,CUST1355,issued
INV10356,  ORD10356  ,"54,118.25",2026-07-28,CUST1356,issued
INV10357,ORD10357,3672.31,2026-06-29,CUST1357,issued
INV10358,OrD10358,"₹45,116.52",06-06-2026,CUST1358,issued
INV10359,ORD10359,48705.09,2026-06-25,CUST1359,issued
INV10360,ORD10360,47010.71,2026-06-21,CUST1360,issued
INV10361,ORD10361,2028.00,2026-06-19,CUST1361,issued
INV10362,ORD10362,11835.23,2026-06-01,CUST1362,issued
INV10363,ORD10363,25873.69,2026-07-13,CUST1363,issued
INV10364,ORD10364,57271.81,2026-07-19,CUST1364,issued
INV10365,ORD10365,39296.84,2026-07-29,CUST1365,issued
INV10367,ORD10367,10147.32,2026-06-02,CUST1367,issued
INV10369,ORD10369,26377.03,2026-07-14,CUST1369,issued
INV10370,ORD10370,67587.13,2026-06-23,CUST1370,issued
INV10371,ORD10371,5001.37,2026-07-12,CUST1371,issued
INV10372,ORD10372,28261.80,2026-07-28,CUST1372,issued
INV10373,ORD10373,19747.83,2026-06-26,CUST1373,issued
INV10374,ORD10374,22454.68,2026-07-01,CUST1374,issued
INV10375,ord10375,"61,729.95",06-17-2026,CUST1375,issued
INV10376,ORD10376,58508.13,2026-07-24,CUST1376,issued
INV10377,ORD10377,60396.03,2026-06-08,CUST1377,issued
INV10378,ORD10378,7406.37,2026-06-09,CUST1378,issued
INV10379,OrD10379,"₹66,158.15",07-28-2026,CUST1379,issued
INV10380,ORD10380,65905.05,2026-06-08,CUST1380,issued
INV10381,ORD10381,51435.75,2026-06-09,CUST1381,issued
INV10382,ORD10382,71797.24,2026-06-05,CUST1382,issued
INV10383,ORD10383,52798.34,2026-05-30,CUST1383,issued
INV10384,ORD10384,30668.37,2026-07-06,CUST1384,issued
INV10385,ORD10385,40843.32,2026-07-05,CUST1385,issued
INV10386,ORD10386,40545.76,2026-06-25,CUST1386,issued
INV10387,ORD10387,18007.95,2026-07-03,CUST1387,issued
INV10388,ORD10388,6602.31,2026-07-08,CUST1388,issued
INV10389,ORD10389,24395.53,2026-07-12,CUST1389,issued
INV10390,ORD10390,55990.86,2026-07-23,CUST1390,issued
INV10391,ORD10391,26704.71,2026-06-03,CUST1391,issued
INV10392,ORD10392,49851.76,2026-07-29,CUST1392,issued
INV10393,ORD10393,44252.88,2026-07-07,CUST1393,issued
INV10394,ORD10394,12768.05,2026-06-22,CUST1394,issued
INV10395,ORD10395,24215.03,2026-06-24,CUST1395,issued
INV10396,ORD10396,7799.94,2026-06-21,CUST1396,issued
INV10397,ORD10397,20698.52,2026-06-17,CUST1397,issued
INV10398,ORD10398,54827.86,2026-06-11,CUST1398,issued
INV10399,ORD10399,49553.83,2026-07-10,CUST1399,issued
INV10400,ORD10400,15143.88,2026-07-06,CUST1000,issued
INV10401,ORD10401,18213.19,2026-07-24,CUST1001,issued
INV10402,ORD10402,31793.61,2026-07-20,CUST1002,issued
INV10403,ORD10403,27601.36,2026-07-14,CUST1003,issued
INV10404,ORD10404,27989.46,2026-07-12,CUST1004,issued
INV10406,ORD10406,42305.36,2026-07-30,CUST1006,issued
INV10407,ORD10407,29881.33,2026-06-09,CUST1007,issued
INV10408,ORD10408,3140.04,2026-07-14,CUST1008,issued
INV10409,ORD10409,16631.07,2026-06-05,CUST1009,issued
INV10410,ORD10410,34125.39,2026-07-23,CUST1010,issued
INV10411,ORD10411,51857.01,2026-06-25,CUST1011,issued
INV10412,ORD10412,24104.59,2026-06-12,CUST1012,issued
INV10413,ORD10413,23546.74,2026-06-16,CUST1013,issued
INV10414,ORD10414,23082.83,2026-06-16,CUST1014,issued
INV10415,ORD10415,15642.22,2026-07-10,CUST1015,issued
INV10416,ORD10416,27493.04,2026-07-21,CUST1016,issued
INV10417,ORD10417,40027.61,2026-06-27,CUST1017,issued
INV10418,ORD10418,15121.21,2026-06-13,CUST1018,issued
INV10419,ORD10419,65866.82,2026-06-04,CUST1019,issued
INV10420,ORD10420,37336.47,2026-05-30,CUST1020,issued
INV10421,ORD10421,60164.46,2026-07-05,CUST1021,issued
INV10422,  ORD10422  ,"7,233.12",21/07/2026,CUST1022,issued
INV10423,ORD10423,22093.27,2026-06-14,CUST1023,issued
INV10424,ORD10424,41199.93,2026-06-14,CUST1024,issued
INV10425,ORD10425,28560.10,2026-07-11,CUST1025,issued
INV10426,ORD10426,54645.14,2026-06-28,CUST1026,issued
INV10427,ORD10427,74710.03,2026-07-31,CUST1027,issued
INV10428,  ORD10428  ,66715.53 INR,2026-07-29,CUST1028,issued
INV10429,ORD10429,25887.96,2026-07-30,CUST1029,issued
INV10430,ORD10430,36129.96,2026-06-20,CUST1030,issued
INV10431,ORD10431,34178.21,2026-07-18,CUST1031,issued
INV10432,ord10432,3066.91 INR,06/07/2026,CUST1032,issued
INV10433,OrD10433,"₹12,810.34",31-Jul-2026,CUST1033,issued
INV10434,ORD10434,40245.39,2026-06-07,CUST1034,issued
INV10435,ORD10435,71209.69,2026-06-17,CUST1035,issued
INV10436,OrD10436,"37,684.54",2026-07-26,CUST1036,issued
INV10437,  ORD10437  ,29555.73 INR,2026-07-04,CUST1037,issued
INV10438,ORD10438,46406.80,2026-07-13,CUST1038,issued
INV10439,ORD10439,906.36,2026-07-31,CUST1039,issued
INV10440,ORD10440,55058.23,2026-07-14,CUST1040,issued
INV10441,ORD10441,51484.12,2026-07-15,CUST1041,issued
INV10442,OrD10442,58466.59,27-Jul-2026,CUST1042,issued
INV10443,ORD10443,19522.01,2026-07-13,CUST1043,issued
INV10444,ORD10444,32705.54,2026-07-21,CUST1044,issued
INV10445,OrD10445,49174.51 INR,10-Jul-2026,CUST1045,issued
INV10446,ORD10446,17203.19,2026-07-14,CUST1046,issued
INV10447,ORD10447,36730.07,2026-05-31,CUST1047,issued
INV10448,ORD10448,34365.55,2026-06-20,CUST1048,issued
INV10449,ORD10449,21980.67,2026-06-04,CUST1049,issued
INV10450,ORD10450,60554.15,2026-06-07,CUST1050,issued
INV10451,ORD10451,25016.32,2026-06-09,CUST1051,issued
INV10452,ORD10452,71688.20,2026-07-03,CUST1052,issued
INV10453,ORD10453,7870.24,2026-06-15,CUST1053,issued
INV10454,ORD10454,55119.41,2026-07-18,CUST1054,issued
INV10455,ORD10455,38619.23,2026-06-21,CUST1055,issued
INV10456,ord10456,27342.82 INR,01/06/2026,CUST1056,issued
INV10457,ORD10457,10925.02,2026-07-06,CUST1057,issued
INV10458,ORD10458,48148.05,2026-06-16,CUST1058,issued
INV10459,ORD10459,48695.03,2026-07-21,CUST1059,issued
INV10460,ORD10460,24382.74,2026-07-24,CUST1060,issued
INV10461,ORD10461,23169.31,2026-07-03,CUST1061,issued
INV10462,ORD10462,58303.18,2026-06-24,CUST1062,issued
INV10463,ORD10463,24135.34,2026-06-28,CUST1063,issued
INV10464,ORD10464,28975.23,2026-06-30,CUST1064,issued
INV10465,ord10465,58420.61 INR,2026-06-19,CUST1065,issued
INV10466,OrD10466,33779.35,2026-05-30,CUST1066,issued
INV10467,ORD10467,48393.45,2026-07-16,CUST1067,issued
INV10468,ORD10468,30058.32,2026-07-02,CUST1068,issued
INV10469,ORD10469,55200.90,2026-06-26,CUST1069,issued
INV10470,ORD10470,69348.68,2026-06-04,CUST1070,issued
INV10471,ORD10471,43071.83,2026-06-18,CUST1071,issued
INV10472,ORD10472,37592.75,2026-07-28,CUST1072,issued
INV10473,ORD10473,45965.20,2026-06-18,CUST1073,issued
INV10474,ORD10474,23262.98,2026-06-24,CUST1074,issued
INV10475,ORD10475,5506.31,2026-07-24,CUST1075,issued
INV10476,ORD10476,20702.05,2026-06-03,CUST1076,issued
INV10477,ORD10477,36331.07,2026-06-17,CUST1077,issued
INV10478,ORD10478,16417.74,2026-07-21,CUST1078,issued
INV10479,ORD10479,60827.12,2026-06-18,CUST1079,issued
INV10480,ORD10480,8517.16,2026-06-25,CUST1080,issued
INV10481,ORD10481,72104.41,2026-06-22,CUST1081,issued
INV10482,ORD10482,34102.29,2026-07-14,CUST1082,issued
INV10484,ORD10484,59288.81,2026-07-18,CUST1084,issued
INV10485,ORD10485,53991.49,2026-06-04,CUST1085,issued
INV10486,ORD10486,42446.71,2026-06-21,CUST1086,issued
INV10487,ORD10487,31634.31,2026-06-02,CUST1087,issued
INV10488,ORD10488,27354.37,2026-07-26,CUST1088,issued
INV10489,ORD10489,63762.66,2026-07-03,CUST1089,issued
INV10490,ORD10490,70319.94,2026-06-11,CUST1090,issued
INV10491,ORD10491,12155.53,2026-07-28,CUST1091,issued
INV10492,ord10492,39891.80,01/06/2026,CUST1092,issued
INV10493,ORD10493,15412.84,2026-06-22,CUST1093,issued
INV10494,ORD10494,42947.08,2026-07-29,CUST1094,issued
INV10495,ORD10495,54363.37,2026-06-02,CUST1095,issued
INV10496,ORD10496,51933.21,2026-06-30,CUST1096,issued
INV10497,ORD10497,52510.17,2026-07-20,CUST1097,issued
INV10498,ORD10498,47578.95,2026-07-18,CUST1098,issued
INV10499,ORD10499,3746.19,2026-06-16,CUST1099,issued
INV10500,ORD10500,14101.62,2026-07-21,CUST1100,issued
INV10501,ORD10501,5503.14,2026-06-02,CUST1101,issued
INV10502,ORD10502,29832.22,2026-05-31,CUST1102,issued
INV10503,ORD10503,9249.31,2026-07-12,CUST1103,issued
INV10505,ORD10505,37110.78,2026-07-07,CUST1105,issued
INV10506,ORD10506,8613.85,2026-07-14,CUST1106,issued
INV10508,ORD10508,53778.64,2026-06-02,CUST1108,issued
INV10509,ORD10509,70711.70,2026-06-29,CUST1109,issued
INV10510,ORD10510,28733.68,2026-06-10,CUST1110,issued
INV10511,ORD10511,60291.41,2026-05-31,CUST1111,issued
INV10512,ORD10512,229.64,2026-07-20,CUST1112,issued
INV10513,ORD10513,61925.57,2026-06-21,CUST1113,issued
INV10514,OrD10514,"12,167.43",07-04-2026,CUST1114,issued
INV10515,ORD10515,53600.71,2026-06-27,CUST1115,issued
INV10516,ORD10516,51547.23,2026-07-14,CUST1116,issued
INV10517,ORD10517,72048.32,2026-06-04,CUST1117,issued
INV10518,ORD10518,10737.40,2026-06-05,CUST1118,issued
INV10519,ord10519,"₹54,746.91",07-04-2026,CUST1119,issued
INV10520,ORD10520,30729.84,2026-07-14,CUST1120,issued
INV10521,ORD10521,62438.24,2026-06-01,CUST1121,issued
INV10522,ORD10522,20895.92,2026-05-30,CUST1122,issued
INV10523,ORD10523,23466.66,2026-06-16,CUST1123,issued
INV10524,ORD10524,48951.87,2026-07-06,CUST1124,issued
INV10526,ORD10526,27849.13,2026-06-10,CUST1126,issued
INV10527,ORD10527,69925.90,2026-06-01,CUST1127,issued
INV10528,ORD10528,48142.75,2026-06-30,CUST1128,issued
INV10529,ORD10529,17687.50,2026-05-31,CUST1129,issued
INV10530,ORD10530,7120.65,2026-06-07,CUST1130,issued
INV10531,ORD10531,8961.45,2026-06-03,CUST1131,issued
INV10532,ORD10532,5456.62,2026-06-15,CUST1132,issued
INV10533,ORD10533,39410.54,2026-06-16,CUST1133,issued
INV10534,ORD10534,35853.50,2026-06-29,CUST1134,issued
INV10535,ORD10535,7435.06,2026-06-17,CUST1135,issued
INV10536,  ORD10536  ,"19,373.31",02/07/2026,CUST1136,issued
INV10537,ORD10537,10963.19,2026-07-20,CUST1137,issued
INV10538,ORD10538,52512.48,2026-06-02,CUST1138,issued
INV10539,ORD10539,21459.34,2026-06-09,CUST1139,issued
INV10540,ORD10540,30209.20,2026-07-14,CUST1140,issued
INV10541,ORD10541,28091.06,2026-07-25,CUST1141,issued
INV10542,ORD10542,62560.58,2026-06-12,CUST1142,issued
INV10543,ORD10543,30582.75,2026-06-21,CUST1143,issued
INV10544,OrD10544,"17,958.63",2026-07-22,CUST1144,issued
INV10545,ORD10545,72022.74,2026-06-09,CUST1145,issued
INV10546,ORD10546,12664.31,2026-06-26,CUST1146,issued
INV10547,ORD10547,64530.53,2026-07-18,CUST1147,issued
INV10548,ORD10548,68616.72,2026-06-07,CUST1148,issued
INV10549,ORD10549,31564.50,2026-07-04,CUST1149,issued
INV10550,ORD10550,49393.37,2026-07-08,CUST1150,issued
INV10551,ORD10551,67325.93,2026-07-06,CUST1151,issued
INV10552,ORD10552,71727.01,2026-06-15,CUST1152,issued
INV10553,ORD10553,16003.84,2026-06-19,CUST1153,issued
INV10554,ORD10554,34966.30,2026-06-21,CUST1154,issued
INV10555,ORD10555,30742.96,2026-06-07,CUST1155,issued
INV10556,ORD10556,57539.38,2026-06-09,CUST1156,issued
INV10557,ORD10557,10286.10,2026-06-25,CUST1157,issued
INV10559,ORD10559,52014.55,2026-07-12,CUST1159,issued
INV10560,ORD10560,62681.93,2026-07-11,CUST1160,issued
INV10561,ORD10561,12339.24,2026-06-03,CUST1161,issued
INV10562,ORD10562,30978.08,2026-07-06,CUST1162,issued
INV10563,ORD10563,394.77,2026-06-15,CUST1163,issued
INV10564,ORD10564,6277.23,2026-06-04,CUST1164,issued
INV10565,ORD10565,24079.93,2026-06-26,CUST1165,issued
INV10566,ORD10566,19990.23,2026-06-05,CUST1166,issued
INV10567,ORD10567,25693.22,2026-07-01,CUST1167,issued
INV10568,ORD10568,22206.28,2026-06-02,CUST1168,issued
INV10569,ORD10569,11503.51,2026-07-21,CUST1169,issued
INV10570,ORD10570,32716.82,2026-05-31,CUST1170,issued
INV10571,ORD10571,31818.37,2026-07-05,CUST1171,issued
INV10572,ORD10572,38508.20,2026-06-14,CUST1172,issued
INV10573,ORD10573,15427.36,2026-06-20,CUST1173,issued
INV10574,ORD10574,34773.41,2026-06-21,CUST1174,issued
INV10575,ORD10575,23727.58,2026-07-16,CUST1175,issued
INV10576,ORD10576,24444.78,2026-06-16,CUST1176,issued
INV10577,ORD10577,24111.44,2026-07-19,CUST1177,issued
INV10578,  ORD10578  ,39741.70 INR,18/07/2026,CUST1178,issued
INV10579,ORD10579,23936.22,2026-06-30,CUST1179,issued
INV10580,ORD10580,46443.98,2026-06-07,CUST1180,issued
INV10581,ORD10581,9758.51,2026-06-29,CUST1181,issued
INV10582,ORD10582,39033.45,2026-06-09,CUST1182,issued
INV10583,OrD10583,39799.01 INR,15/07/2026,CUST1183,issued
INV10584,  ORD10584  ,"72,884.04",06/06/2026,CUST1184,issued
INV10585,ord10585,68671.95 INR,07-02-2026,CUST1185,issued
INV10586,ORD10586,4323.00,2026-06-01,CUST1186,issued
INV10587,ORD10587,17171.39,2026-06-20,CUST1187,issued
INV10588,ORD10588,26530.77,2026-06-24,CUST1188,issued
INV10589,ORD10589,56693.45,2026-06-16,CUST1189,issued
INV10590,ORD10590,60994.82,2026-06-17,CUST1190,issued
INV10591,ORD10591,40480.33,2026-06-22,CUST1191,issued
INV10592,ORD10592,48969.11,2026-06-03,CUST1192,issued
INV10593,ORD10593,54735.17,2026-06-24,CUST1193,issued
INV10595,ORD10595,35338.49,2026-07-28,CUST1195,issued
INV10596,ORD10596,33515.60,2026-05-31,CUST1196,issued
INV10597,ORD10597,27309.66,2026-07-11,CUST1197,issued
INV10598,ORD10598,32483.95,2026-07-15,CUST1198,issued
INV10599,  ORD10599  ,"₹59,186.28",22/06/2026,CUST1199,issued
INV10600,ORD10600,22702.11,2026-06-20,CUST1200,issued
INV10601,ORD10601,50166.40,2026-06-10,CUST1201,issued
INV10602,ORD10602,65933.81,2026-06-06,CUST1202,issued
INV10603,ORD10603,67611.87,2026-07-24,CUST1203,issued
INV10604,ORD10604,42041.36,2026-06-10,CUST1204,issued
INV10605,ORD10605,51598.93,2026-07-09,CUST1205,issued
INV10607,ORD10607,17483.11,2026-07-23,CUST1207,issued
INV10608,ORD10608,53435.25,2026-07-16,CUST1208,issued
INV10609,ORD10609,33252.65,2026-06-05,CUST1209,issued
INV10610,ORD10610,12952.63,2026-06-14,CUST1210,issued
INV10611,ORD10611,65208.91,2026-06-23,CUST1211,issued
INV10612,ORD10612,6465.30,2026-06-12,CUST1212,issued
INV10613,ORD10613,63010.68,2026-07-18,CUST1213,issued
INV10614,ORD10614,35439.99,2026-07-01,CUST1214,issued
INV10616,ORD10616,63727.47,2026-07-15,CUST1216,issued
INV10618,ORD10618,50871.09,2026-06-26,CUST1218,issued
INV10619,ORD10619,41437.74,2026-07-11,CUST1219,issued
INV10620,ORD10620,33116.90,2026-06-16,CUST1220,issued
INV10621,ord10621,47973.79 INR,06-30-2026,CUST1221,issued
INV10622,ORD10622,12100.78,2026-07-13,CUST1222,issued
INV10623,ORD10623,11102.08,2026-06-13,CUST1223,issued
INV10624,ORD10624,71025.89,2026-07-06,CUST1224,issued
INV10625,ORD10625,56128.94,2026-07-25,CUST1225,issued
INV10626,ORD10626,2953.42,2026-06-02,CUST1226,issued
INV10627,ord10627,8513.96,10-Jun-2026,CUST1227,issued
INV10628,ORD10628,36282.29,2026-06-02,CUST1228,issued
INV10630,ord10630,"₹46,703.19",26/07/2026,CUST1230,issued
INV10631,ORD10631,13210.93,2026-06-24,CUST1231,issued
INV10632,ORD10632,42784.08,2026-07-15,CUST1232,issued
INV10633,ORD10633,23794.26,2026-06-23,CUST1233,issued
INV10634,ORD10634,74309.61,2026-07-14,CUST1234,issued
INV10635,ORD10635,43063.43,2026-07-05,CUST1235,issued
INV10636,ORD10636,32163.93,2026-06-06,CUST1236,issued
INV10637,OrD10637,44213.63 INR,2026-06-09,CUST1237,issued
INV10638,ORD10638,62590.97,2026-06-20,CUST1238,issued
INV10639,ORD10639,70736.75,2026-07-03,CUST1239,issued
INV10640,ORD10640,51288.72,2026-07-14,CUST1240,issued
INV10642,ORD10642,64357.03,2026-06-17,CUST1242,issued
INV10643,ORD10643,63869.45,2026-07-28,CUST1243,issued
INV10644,ORD10644,25807.62,2026-07-30,CUST1244,issued
INV10645,ORD10645,19541.42,2026-06-02,CUST1245,issued
INV10646,ORD10646,40018.57,2026-07-24,CUST1246,issued
INV10647,ORD10647,55879.98,2026-06-15,CUST1247,issued
INV10648,ORD10648,51322.08,2026-07-05,CUST1248,issued
INV10649,ORD10649,42285.14,2026-06-06,CUST1249,issued
INV10650,ORD10650,27639.08,2026-06-07,CUST1250,issued
INV10651,ORD10651,41106.37,2026-06-20,CUST1251,issued
INV10652,ORD10652,47248.07,2026-07-05,CUST1252,issued
INV10653,ORD10653,40788.34,2026-07-26,CUST1253,issued
INV10654,ORD10654,22051.30,2026-07-16,CUST1254,issued
INV10655,ORD10655,41531.69,2026-06-14,CUST1255,issued
INV10656,ORD10656,69507.67,2026-06-12,CUST1256,issued
INV10657,ORD10657,73121.49,2026-06-05,CUST1257,issued
INV10658,ORD10658,67699.48,2026-07-08,CUST1258,issued
INV10659,ORD10659,15871.73,2026-06-07,CUST1259,issued
INV10660,ORD10660,5139.38,2026-07-24,CUST1260,issued
INV10661,OrD10661,27380.61 INR,07-12-2026,CUST1261,issued
INV10662,ORD10662,10710.60,2026-06-10,CUST1262,issued
INV10663,ORD10663,42576.45,2026-06-07,CUST1263,issued
INV10664,ORD10664,31757.45,2026-06-16,CUST1264,issued
INV10665,ORD10665,44214.28,2026-06-28,CUST1265,issued
INV10666,ORD10666,74085.69,2026-06-16,CUST1266,issued
INV10667,ORD10667,56611.18,2026-06-20,CUST1267,issued
INV10668,ORD10668,18404.33,2026-06-08,CUST1268,issued
INV10669,ord10669,"₹69,635.15",06/07/2026,CUST1269,issued
INV10670,ORD10670,30391.74,2026-06-15,CUST1270,issued
INV10671,ORD10671,367.34,2026-06-13,CUST1271,issued
INV10672,ORD10672,74539.63,2026-06-22,CUST1272,issued
INV10673,ORD10673,31301.68,2026-07-23,CUST1273,issued
INV10674,ORD10674,74296.48,2026-07-29,CUST1274,issued
INV10675,ORD10675,50269.86,2026-07-01,CUST1275,issued
INV10676,ORD10676,10683.26,2026-07-01,CUST1276,issued
INV10677,  ORD10677  ,"₹73,876.91",07-17-2026,CUST1277,issued
INV10678,ORD10678,12874.00,2026-07-24,CUST1278,issued
INV10679,ORD10679,32901.73,2026-05-30,CUST1279,issued
INV10680,ORD10680,49461.30,2026-06-15,CUST1280,issued
INV10681,ORD10681,371.33,2026-06-02,CUST1281,issued
INV10682,ORD10682,64896.77,2026-07-08,CUST1282,issued
INV10683,ORD10683,20878.54,2026-07-01,CUST1283,issued
INV10684,ORD10684,3366.25,2026-06-17,CUST1284,issued
INV10685,ORD10685,18747.30,2026-07-29,CUST1285,issued
INV10686,ORD10686,61410.15,2026-06-30,CUST1286,issued
INV10688,ORD10688,49128.87,2026-07-12,CUST1288,issued
INV10689,  ORD10689  ,25698.22 INR,26-Jun-2026,CUST1289,issued
INV10690,ORD10690,31649.98,2026-06-20,CUST1290,issued
INV10691,ORD10691,69163.35,2026-07-24,CUST1291,issued
INV10692,ORD10692,14503.40,2026-07-19,CUST1292,issued
INV10693,ORD10693,29871.14,2026-07-09,CUST1293,issued
INV10694,ORD10694,58677.87,2026-07-16,CUST1294,issued
INV10695,ORD10695,46880.01,2026-06-11,CUST1295,issued
INV10696,ORD10696,17577.19,2026-07-07,CUST1296,issued
INV10697,OrD10697,"48,365.38",07-09-2026,CUST1297,issued
INV10698,ORD10698,18104.37,2026-07-23,CUST1298,issued
INV10699,ORD10699,39024.41,2026-07-06,CUST1299,issued
INV10700,ORD10700,49787.64,2026-06-29,CUST1300,issued
INV10702,ORD10702,34692.99,2026-06-13,CUST1302,issued
INV10703,ORD10703,32500.90,2026-07-02,CUST1303,issued
INV10704,ORD10704,7605.60,2026-07-03,CUST1304,issued
INV10705,ORD10705,63607.71,2026-07-07,CUST1305,issued
INV10706,ORD10706,63267.54,2026-06-23,CUST1306,issued
INV10707,  ORD10707  ,25462.72,26/06/2026,CUST1307,issued
INV10708,ORD10708,59268.25,2026-06-29,CUST1308,issued
INV10709,ORD10709,66568.20,2026-06-20,CUST1309,issued
INV10710,ORD10710,40663.96,2026-06-03,CUST1310,issued
INV10711,ORD10711,10298.51,2026-07-08,CUST1311,issued
INV10712,ORD10712,10137.49,2026-06-30,CUST1312,issued
INV10713,ORD10713,41009.43,2026-07-09,CUST1313,issued
INV10714,ORD10714,42544.74,2026-07-17,CUST1314,issued
INV10715,OrD10715,6151.05,10-Jul-2026,CUST1315,issued
INV10716,ORD10716,17975.31,2026-06-12,CUST1316,issued
INV10717,ORD10717,25309.33,2026-06-05,CUST1317,issued
INV10718,ORD10718,50401.45,2026-06-18,CUST1318,issued
INV10720,ORD10720,71177.99,2026-07-12,CUST1320,issued
INV10721,ORD10721,58976.38,2026-06-29,CUST1321,issued
INV10722,ORD10722,18659.19,2026-07-14,CUST1322,issued
INV10723,ORD10723,34666.17,2026-06-23,CUST1323,issued
INV10724,ORD10724,26122.84,2026-07-17,CUST1324,issued
INV10725,ORD10725,68898.90,2026-06-29,CUST1325,issued
INV10726,ORD10726,26561.74,2026-07-22,CUST1326,issued
INV10727,ORD10727,21214.33,2026-07-07,CUST1327,issued
INV10728,ORD10728,59504.84,2026-06-08,CUST1328,issued
INV10729,ORD10729,58998.72,2026-07-14,CUST1329,issued
INV10730,ORD10730,30954.62,2026-07-02,CUST1330,issued
INV10731,ORD10731,7571.96,2026-07-15,CUST1331,issued
INV10732,ORD10732,33031.37,2026-07-03,CUST1332,issued
INV10733,ORD10733,7733.40,2026-06-26,CUST1333,issued
INV10734,ORD10734,17196.79,2026-07-07,CUST1334,issued
INV10735,ORD10735,51876.19,2026-06-08,CUST1335,issued
INV10736,ORD10736,18705.97,2026-06-06,CUST1336,issued
INV10737,ORD10737,22579.18,2026-06-30,CUST1337,issued
INV10738,ord10738,"₹8,671.82",17-Jul-2026,CUST1338,issued
INV10739,ORD10739,48888.17,2026-07-03,CUST1339,issued
INV10740,ORD10740,50790.99,2026-07-08,CUST1340,issued
INV10741,ORD10741,15911.14,2026-06-02,CUST1341,issued
INV10742,ORD10742,6080.92,2026-06-23,CUST1342,issued
INV10743,ORD10743,47439.99,2026-07-22,CUST1343,issued
INV10744,ord10744,"48,231.78",2026-07-13,CUST1344,issued
INV10745,ORD10745,3325.14,2026-06-19,CUST1345,issued
INV10747,ORD10747,34851.76,2026-07-01,CUST1347,issued
INV10748,ORD10748,24200.69,2026-07-10,CUST1348,issued
INV10749,ORD10749,48910.40,2026-06-15,CUST1349,issued
INV10750,ORD10750,27168.64,2026-07-09,CUST1350,issued
INV10751,OrD10751,"₹1,347.84",06-05-2026,CUST1351,issued
INV10752,  ORD10752  ,59904.50 INR,05-Jun-2026,CUST1352,issued
INV10753,ORD10753,43989.45,2026-06-19,CUST1353,issued
INV10754,ORD10754,22967.94,2026-06-02,CUST1354,issued
INV10755,ORD10755,44111.81,2026-07-15,CUST1355,issued
INV10756,ORD10756,1702.01,2026-06-28,CUST1356,issued
INV10757,ORD10757,6508.01,2026-07-21,CUST1357,issued
INV10758,ORD10758,62455.38,2026-06-18,CUST1358,issued
INV10759,ORD10759,73580.97,2026-07-26,CUST1359,issued
INV10760,ORD10760,10204.90,2026-07-05,CUST1360,issued
INV10761,ORD10761,19507.57,2026-07-08,CUST1361,issued
INV10762,ord10762,22596.94 INR,07-20-2026,CUST1362,issued
INV10763,ORD10763,49413.88,2026-06-25,CUST1363,issued
INV10764,  ORD10764  ,34972.07,07-23-2026,CUST1364,issued
INV10765,ORD10765,45142.44,2026-07-22,CUST1365,issued
INV10766,ORD10766,66921.69,2026-07-04,CUST1366,issued
INV10767,ORD10767,53806.51,2026-06-15,CUST1367,issued
INV10768,ORD10768,29672.26,2026-05-31,CUST1368,issued
INV10769,ORD10769,58998.31,2026-06-07,CUST1369,issued
INV10770,ORD10770,7555.72,2026-07-15,CUST1370,issued
INV10771,ORD10771,16048.58,2026-06-04,CUST1371,issued
INV10772,ORD10772,60738.40,2026-07-13,CUST1372,issued
INV10773,ORD10773,20012.11,2026-06-25,CUST1373,issued
INV10774,ORD10774,60953.33,2026-07-07,CUST1374,issued
INV10775,ORD10775,25063.10,2026-07-15,CUST1375,issued
INV10776,ORD10776,58363.07,2026-06-27,CUST1376,issued
INV10777,ORD10777,13227.08,2026-06-08,CUST1377,issued
INV10778,ORD10778,10267.05,2026-07-01,CUST1378,issued
INV10779,ORD10779,59504.21,2026-07-10,CUST1379,issued
INV10781,OrD10781,63747.58 INR,20-Jul-2026,CUST1381,issued
INV10782,  ORD10782  ,"₹16,691.43",05-31-2026,CUST1382,issued
INV10783,ORD10783,46590.97,2026-06-05,CUST1383,issued
INV10784,ORD10784,49428.71,2026-06-30,CUST1384,issued
INV10785,ORD10785,3527.83,2026-07-27,CUST1385,issued
INV10786,ord10786,"43,315.00",23-Jun-2026,CUST1386,issued
INV10787,OrD10787,"59,943.00",2026-07-12,CUST1387,issued
INV10788,ORD10788,2413.53,2026-07-10,CUST1388,issued
INV10789,ORD10789,73463.65,2026-07-19,CUST1389,issued
INV10790,ORD10790,11600.49,2026-06-28,CUST1390,issued
INV10791,ORD10791,4025.98,2026-06-06,CUST1391,issued
INV10792,ORD10792,24548.23,2026-06-03,CUST1392,issued
INV10793,ORD10793,43572.76,2026-06-08,CUST1393,issued
INV10794,ORD10794,66558.90,2026-06-09,CUST1394,issued
INV10795,ORD10795,67385.50,2026-06-12,CUST1395,issued
INV10796,ORD10796,52993.57,2026-06-25,CUST1396,issued
INV10797,ORD10797,40754.89,2026-06-07,CUST1397,issued
INV10798,ORD10798,50522.32,2026-06-07,CUST1398,issued
INV10799,ORD10799,55581.75,2026-07-29,CUST1399,issued
INV10800,ORD10800,26240.37,2026-07-25,CUST1000,issued
INV10801,ORD10801,6351.22,2026-06-15,CUST1001,issued
INV10802,ORD10802,2427.87,2026-06-21,CUST1002,issued
INV10803,ORD10803,27223.59,2026-07-24,CUST1003,issued
INV10804,ORD10804,55465.56,2026-06-13,CUST1004,issued
INV10805,OrD10805,"₹28,550.60",29/07/2026,CUST1005,issued
INV10806,ORD10806,32489.95,2026-05-30,CUST1006,issued
INV10807,ORD10807,41826.38,2026-07-16,CUST1007,issued
INV10808,ORD10808,9706.66,2026-06-19,CUST1008,issued
INV10809,ORD10809,13078.48,2026-06-17,CUST1009,issued
INV10810,ORD10810,63602.71,2026-07-23,CUST1010,issued
INV10811,ORD10811,74669.77,2026-07-15,CUST1011,issued
INV10812,ORD10812,28204.64,2026-06-26,CUST1012,issued
INV10813,ord10813,29247.10,06-14-2026,CUST1013,issued
INV10814,ORD10814,23724.22,2026-06-30,CUST1014,issued
INV10815,ORD10815,49650.16,2026-07-23,CUST1015,issued
INV10816,ORD10816,58543.90,2026-06-27,CUST1016,issued
INV10817,ORD10817,13043.36,2026-06-14,CUST1017,issued
INV10818,ORD10818,41544.10,2026-07-11,CUST1018,issued
INV10819,ORD10819,64605.77,2026-06-25,CUST1019,issued
INV10820,ORD10820,35133.23,2026-06-09,CUST1020,issued
INV10821,ORD10821,57213.42,2026-06-05,CUST1021,issued
INV10822,ORD10822,41663.10,2026-06-23,CUST1022,issued
INV10823,ORD10823,58715.66,2026-07-17,CUST1023,issued
INV10824,ORD10824,42122.69,2026-07-01,CUST1024,issued
INV10825,ORD10825,40940.82,2026-06-24,CUST1025,issued
INV10826,ORD10826,44894.39,2026-06-13,CUST1026,issued
INV10827,ORD10827,52168.31,2026-06-17,CUST1027,issued
INV10829,ORD10829,25788.44,2026-06-07,CUST1029,issued
INV10831,ORD10831,57389.08,2026-07-12,CUST1031,issued
INV10832,ORD10832,16746.88,2026-06-14,CUST1032,issued
INV10833,ORD10833,54743.01,2026-07-12,CUST1033,issued
INV10834,ORD10834,8840.49,2026-06-24,CUST1034,issued
INV10835,ORD10835,69348.46,2026-07-01,CUST1035,issued
INV10836,ORD10836,59366.10,2026-07-05,CUST1036,issued
INV10837,ORD10837,51761.97,2026-06-14,CUST1037,issued
INV10838,ORD10838,9892.60,2026-07-12,CUST1038,issued
INV10839,ORD10839,14505.25,2026-07-11,CUST1039,issued
INV10840,ORD10840,3184.63,2026-06-18,CUST1040,issued
INV10841,ORD10841,46762.52,2026-07-26,CUST1041,issued
INV10842,ORD10842,25411.59,2026-06-25,CUST1042,issued
INV10843,ORD10843,15006.40,2026-07-03,CUST1043,issued
INV10844,ORD10844,57366.95,2026-06-20,CUST1044,issued
INV10845,ORD10845,30853.14,2026-07-18,CUST1045,issued
INV10846,ORD10846,60945.27,2026-06-20,CUST1046,issued
INV10847,ORD10847,64455.54,2026-07-14,CUST1047,issued
INV10848,  ORD10848  ,"₹52,837.55",16/07/2026,CUST1048,issued
INV10849,ORD10849,74611.93,2026-07-16,CUST1049,issued
INV10850,ORD10850,20295.92,2026-07-01,CUST1050,issued
INV10851,ORD10851,38002.49,2026-06-06,CUST1051,issued
INV10852,ORD10852,13203.75,2026-07-19,CUST1052,issued
INV10853,ORD10853,6466.84,2026-06-06,CUST1053,issued
INV10854,ORD10854,13816.37,2026-07-03,CUST1054,issued
INV10855,ORD10855,9385.51,2026-06-25,CUST1055,issued
INV10856,ORD10856,56915.71,2026-06-18,CUST1056,issued
INV10857,ORD10857,34835.72,2026-07-01,CUST1057,issued
INV10859,OrD10859,"49,234.33",07-06-2026,CUST1059,issued
INV10860,ORD10860,29395.80,2026-06-28,CUST1060,issued
INV10861,ORD10861,54139.55,2026-06-26,CUST1061,issued
INV10862,ORD10862,42437.04,2026-06-08,CUST1062,issued
INV10863,ORD10863,68243.87,2026-07-28,CUST1063,issued
INV10864,ORD10864,29120.35,2026-06-14,CUST1064,issued
INV10865,ORD10865,72611.82,2026-06-26,CUST1065,issued
INV10866,ORD10866,59135.43,2026-07-29,CUST1066,issued
INV10867,ORD10867,18793.49,2026-07-29,CUST1067,issued
INV10868,OrD10868,43012.19,19/06/2026,CUST1068,issued
INV10869,ORD10869,25759.12,2026-06-02,CUST1069,issued
INV10870,ORD10870,46416.72,2026-07-26,CUST1070,issued
INV10871,ORD10871,22059.31,2026-07-15,CUST1071,issued
INV10872,ORD10872,9963.98,2026-06-13,CUST1072,issued
INV10873,ORD10873,11692.17,2026-06-22,CUST1073,issued
INV10874,ORD10874,51178.28,2026-06-23,CUST1074,issued
INV10875,ORD10875,39547.02,2026-06-12,CUST1075,issued
INV10876,ord10876,14065.34 INR,2026-06-15,CUST1076,issued
INV10877,ORD10877,49078.57,2026-06-08,CUST1077,issued
INV10878,ORD10878,64920.27,2026-06-13,CUST1078,issued
INV10879,ORD10879,19279.58,2026-07-24,CUST1079,issued
INV10880,ORD10880,56008.59,2026-07-30,CUST1080,issued
INV10881,ORD10881,45795.32,2026-06-13,CUST1081,issued
INV10882,ORD10882,49105.23,2026-06-20,CUST1082,issued
INV10883,ORD10883,38347.56,2026-06-12,CUST1083,issued
INV10884,ORD10884,38584.11,2026-06-29,CUST1084,issued
INV10885,ORD10885,58665.06,2026-06-07,CUST1085,issued
INV10886,ORD10886,48694.80,2026-07-05,CUST1086,issued
INV10887,ORD10887,30246.76,2026-06-09,CUST1087,issued
INV10888,ord10888,27799.91 INR,20-Jul-2026,CUST1088,issued
INV10889,ORD10889,40412.15,2026-06-06,CUST1089,issued
INV10890,ORD10890,10994.32,2026-07-17,CUST1090,issued
INV10891,ORD10891,69304.93,2026-06-29,CUST1091,issued
INV10892,ORD10892,66215.80,2026-06-21,CUST1092,issued
INV10893,ORD10893,27251.69,2026-06-18,CUST1093,issued
INV10894,ord10894,"₹49,300.20",26/06/2026,CUST1094,issued
INV10895,OrD10895,60522.22,07-14-2026,CUST1095,issued
INV10896,ORD10896,72047.37,2026-07-20,CUST1096,issued
INV10897,ORD10897,66129.23,2026-07-14,CUST1097,issued
INV10898,ORD10898,41437.07,2026-07-04,CUST1098,issued
INV10899,ORD10899,48682.01,2026-06-02,CUST1099,issued
INV10900,ORD10900,17530.16,2026-07-11,CUST1100,issued
INV10901,ORD10901,45246.34,2026-06-22,CUST1101,issued
INV10902,ORD10902,38276.70,2026-07-16,CUST1102,issued
INV10903,ORD10903,16714.80,2026-06-01,CUST1103,issued
INV10904,ORD10904,68973.01,2026-07-19,CUST1104,issued
INV10905,ORD10905,35385.88,2026-06-28,CUST1105,issued
INV10906,ORD10906,14039.92,2026-07-26,CUST1106,issued
INV10907,ORD10907,27754.41,2026-07-09,CUST1107,issued
INV10908,  ORD10908  ,29113.41,07-17-2026,CUST1108,issued
INV10909,ord10909,70252.06 INR,07-Jun-2026,CUST1109,issued
INV10910,ORD10910,19329.52,2026-07-22,CUST1110,issued
INV10911,  ORD10911  ,"27,604.28",08-Jul-2026,CUST1111,issued
INV10912,ORD10912,59615.17,2026-06-11,CUST1112,issued
INV10913,ORD10913,50265.87,2026-07-24,CUST1113,issued
INV10914,  ORD10914  ,"40,325.94",2026-07-07,CUST1114,issued
INV10915,ORD10915,9976.17,2026-06-17,CUST1115,issued
INV10916,OrD10916,"₹63,483.26",21/06/2026,CUST1116,issued
INV10917,ORD10917,32995.62,2026-06-07,CUST1117,issued
INV10918,ORD10918,52551.53,2026-06-19,CUST1118,issued
INV10919,ORD10919,34024.01,2026-07-28,CUST1119,issued
INV10920,ORD10920,6388.47,2026-07-12,CUST1120,issued
INV10921,ORD10921,45742.68,2026-06-28,CUST1121,issued
INV10922,ORD10922,74611.91,2026-07-05,CUST1122,issued
INV10923,ORD10923,37816.80,2026-07-02,CUST1123,issued
INV10924,ord10924,"₹62,582.50",2026-06-20,CUST1124,issued
INV10925,ORD10925,32430.16,2026-06-01,CUST1125,issued
INV10926,ORD10926,24468.37,2026-06-14,CUST1126,issued
INV10927,ORD10927,71688.70,2026-07-17,CUST1127,issued
INV10928,ORD10928,45755.91,2026-07-21,CUST1128,issued
INV10929,ORD10929,26782.73,2026-07-22,CUST1129,issued
INV10930,ORD10930,11911.18,2026-07-23,CUST1130,issued
INV10931,ORD10931,35172.43,2026-06-18,CUST1131,issued
INV10933,ORD10933,64286.64,2026-06-06,CUST1133,issued
INV10934,ORD10934,12484.92,2026-07-04,CUST1134,issued
INV10935,ORD10935,17047.26,2026-06-20,CUST1135,issued
INV10936,ORD10936,37577.47,2026-07-23,CUST1136,issued
INV10937,ORD10937,25308.77,2026-06-27,CUST1137,issued
INV10938,ORD10938,55316.14,2026-07-07,CUST1138,issued
INV10939,ORD10939,8018.40,2026-07-03,CUST1139,issued
INV10940,ORD10940,2501.26,2026-06-01,CUST1140,issued
INV10941,ORD10941,18007.60,2026-06-22,CUST1141,issued
INV10942,ORD10942,35032.60,2026-07-23,CUST1142,issued
INV10943,ORD10943,43927.85,2026-07-21,CUST1143,issued
INV10944,ORD10944,55116.38,2026-07-11,CUST1144,issued
INV10945,ORD10945,19492.96,2026-06-25,CUST1145,issued
INV10946,ORD10946,10199.47,2026-06-16,CUST1146,issued
INV10947,ORD10947,37018.14,2026-05-30,CUST1147,issued
INV10948,ORD10948,62465.39,2026-07-01,CUST1148,issued
INV10949,ORD10949,24019.71,2026-07-10,CUST1149,issued
INV10950,ORD10950,14757.74,2026-07-07,CUST1150,issued
INV10951,ORD10951,26034.49,2026-06-13,CUST1151,issued
INV10952,ORD10952,59768.21,2026-06-10,CUST1152,issued
INV10953,ORD10953,39398.59,2026-07-25,CUST1153,issued
INV10954,ORD10954,18209.92,2026-06-08,CUST1154,issued
INV10955,ORD10955,73311.82,2026-06-05,CUST1155,issued
INV10956,ORD10956,42491.26,2026-07-07,CUST1156,issued
INV10958,ORD10958,74810.37,2026-07-15,CUST1158,issued
INV10959,ORD10959,12417.32,2026-06-24,CUST1159,issued
INV10960,ORD10960,36749.93,2026-06-26,CUST1160,issued
INV10961,ORD10961,53290.73,2026-07-25,CUST1161,issued
INV10962,ORD10962,2038.89,2026-06-30,CUST1162,issued
INV10963,ORD10963,5385.36,2026-06-10,CUST1163,issued
INV10964,ORD10964,25441.54,2026-07-09,CUST1164,issued
INV10965,ORD10965,26446.67,2026-06-21,CUST1165,issued
INV10966,ORD10966,67925.39,2026-06-13,CUST1166,issued
INV10967,ORD10967,72262.30,2026-07-10,CUST1167,issued
INV10968,ORD10968,40123.19,2026-07-07,CUST1168,issued
INV10969,ORD10969,21344.10,2026-07-28,CUST1169,issued
INV10970,ORD10970,13445.84,2026-07-18,CUST1170,issued
INV10971,ORD10971,37964.00,2026-07-14,CUST1171,issued
INV10972,ord10972,61082.89,29/06/2026,CUST1172,issued
INV10973,OrD10973,"36,074.37",28/06/2026,CUST1173,issued
INV10974,ORD10974,38461.83,2026-07-08,CUST1174,issued
INV10975,ORD10975,25918.92,2026-06-19,CUST1175,issued
INV10976,ORD10976,29205.76,2026-06-29,CUST1176,issued
INV10977,ORD10977,73029.25,2026-06-13,CUST1177,issued
INV10978,ORD10978,38867.31,2026-07-19,CUST1178,issued
INV10979,OrD10979,"₹7,214.89",2026-07-17,CUST1179,issued
INV10980,ORD10980,72367.67,2026-07-02,CUST1180,issued
INV10982,ORD10982,51882.55,2026-06-06,CUST1182,issued
INV10983,ORD10983,72636.95,2026-06-20,CUST1183,issued
INV10984,ORD10984,8963.36,2026-06-12,CUST1184,issued
INV10985,ORD10985,71858.60,2026-06-05,CUST1185,issued
INV10986,ORD10986,59487.08,2026-07-26,CUST1186,issued
INV10987,ORD10987,46070.97,2026-07-20,CUST1187,issued
INV10989,ORD10989,26830.70,2026-06-02,CUST1189,issued
INV10990,ORD10990,34824.79,2026-06-23,CUST1190,issued
INV10991,ORD10991,43744.25,2026-05-30,CUST1191,issued
INV10992,ORD10992,37431.80,2026-07-25,CUST1192,issued
INV10993,ORD10993,38302.77,2026-07-04,CUST1193,issued
INV10994,ORD10994,19097.67,2026-07-23,CUST1194,issued
INV10995,  ORD10995  ,44035.75 INR,2026-07-10,CUST1195,issued
INV10996,ord10996,43942.18 INR,2026-06-06,CUST1196,issued
INV10997,ORD10997,4110.69,2026-07-31,CUST1197,issued
INV10998,ORD10998,1557.52,2026-07-05,CUST1198,issued
INV10999,ORD10999,28072.17,2026-06-24,CUST1199,issued
INV11000,ORD11000,39083.06,2026-06-02,CUST1200,issued
INV11001,ORD11001,58188.98,2026-06-12,CUST1201,issued
INV11002,ORD11002,25672.12,2026-06-08,CUST1202,issued
INV11003,OrD11003,"₹33,089.62",29-Jul-2026,CUST1203,issued
INV11004,ORD11004,36952.17,2026-06-04,CUST1204,issued
INV11005,ORD11005,19243.11,2026-06-19,CUST1205,issued
INV11006,ORD11006,17209.61,2026-06-10,CUST1206,issued
INV11007,ORD11007,72870.81,2026-06-18,CUST1207,issued
INV11008,ORD11008,11257.27,2026-07-18,CUST1208,issued
INV11009,OrD11009,39183.62,2026-06-10,CUST1209,issued
INV11010,ORD11010,28760.52,2026-06-16,CUST1210,issued
INV11011,ord11011,21294.90 INR,2026-07-20,CUST1211,issued
INV11012,ORD11012,51452.83,2026-07-02,CUST1212,issued
INV11013,ORD11013,5525.26,2026-06-08,CUST1213,issued
INV11014,ORD11014,25639.19,2026-07-29,CUST1214,issued
INV11015,OrD11015,"₹38,632.66",05/06/2026,CUST1215,issued
INV11016,ORD11016,73984.69,2026-06-19,CUST1216,issued
INV11018,ORD11018,14212.80,2026-07-15,CUST1218,issued
INV11019,ORD11019,4708.90,2026-07-06,CUST1219,issued
INV11020,ORD11020,53780.78,2026-07-05,CUST1220,issued
INV11021,ORD11021,64426.97,2026-07-21,CUST1221,issued
INV11022,ORD11022,24646.81,2026-06-05,CUST1222,issued
INV11023,ORD11023,15875.76,2026-07-25,CUST1223,issued
INV11024,ORD11024,74972.05,2026-06-14,CUST1224,issued
INV11025,ORD11025,30651.57,2026-07-28,CUST1225,issued
INV11026,ORD11026,37735.12,2026-06-06,CUST1226,issued
INV11027,ORD11027,64029.51,2026-06-03,CUST1227,issued
INV11028,ORD11028,54130.47,2026-06-02,CUST1228,issued
INV11029,ORD11029,40287.73,2026-06-06,CUST1229,issued
INV11030,ORD11030,21933.95,2026-06-30,CUST1230,issued
INV11031,ORD11031,8506.45,2026-06-10,CUST1231,issued
INV11032,ORD11032,62598.29,2026-06-29,CUST1232,issued
INV11033,ORD11033,60794.16,2026-07-13,CUST1233,issued
INV11034,  ORD11034  ,"70,961.72",2026-06-24,CUST1234,issued
INV11035,ORD11035,17910.01,2026-06-24,CUST1235,issued
INV11036,ORD11036,73196.59,2026-07-26,CUST1236,issued
INV11037,ORD11037,43623.89,2026-07-12,CUST1237,issued
INV11038,ORD11038,43700.38,2026-07-20,CUST1238,issued
INV11039,OrD11039,"41,662.79",21/06/2026,CUST1239,issued
INV11040,ORD11040,38367.41,2026-07-15,CUST1240,issued
INV11041,ORD11041,2896.42,2026-07-14,CUST1241,issued
INV11042,ORD11042,57978.76,2026-07-11,CUST1242,issued
INV11043,ORD11043,40560.43,2026-06-09,CUST1243,issued
INV11044,ord11044,16776.15,10/07/2026,CUST1244,issued
INV11045,ORD11045,30515.75,2026-06-04,CUST1245,issued
INV11046,ORD11046,29335.60,2026-06-30,CUST1246,issued
INV11047,ORD11047,51253.41,2026-06-25,CUST1247,issued
INV11048,ORD11048,72664.01,2026-07-30,CUST1248,issued
INV11049,ORD11049,60178.60,2026-06-28,CUST1249,issued
INV11050,ORD11050,65541.50,2026-06-03,CUST1250,issued
INV11051,ORD11051,2861.50,2026-07-08,CUST1251,issued
INV11052,ORD11052,27070.34,2026-07-16,CUST1252,issued
INV11053,ORD11053,51781.38,2026-06-07,CUST1253,issued
INV11054,OrD11054,"27,999.89",07-10-2026,CUST1254,issued
INV11055,ORD11055,38613.46,2026-07-17,CUST1255,issued
INV11056,ORD11056,29998.41,2026-07-25,CUST1256,issued
INV11057,ORD11057,57864.52,2026-06-14,CUST1257,issued
INV11058,ORD11058,6976.30,2026-06-22,CUST1258,issued
INV11059,ORD11059,24367.62,2026-07-13,CUST1259,issued
INV11060,ORD11060,8382.95,2026-07-12,CUST1260,issued
INV11061,ORD11061,41296.54,2026-07-28,CUST1261,issued
INV11062,ORD11062,52809.87,2026-07-21,CUST1262,issued
INV11063,OrD11063,42021.52,2026-07-18,CUST1263,issued
INV11064,ORD11064,54718.41,2026-07-17,CUST1264,issued
INV11065,ord11065,2717.49,07-19-2026,CUST1265,issued
INV11066,ORD11066,55417.38,2026-07-01,CUST1266,issued
INV11067,ORD11067,67120.62,2026-07-07,CUST1267,issued
INV11068,ORD11068,54096.85,2026-06-21,CUST1268,issued
INV11069,ORD11069,27071.50,2026-06-18,CUST1269,issued
INV11070,ORD11070,54140.60,2026-07-06,CUST1270,issued
INV11071,ORD11071,20088.37,2026-06-04,CUST1271,issued
INV11072,ORD11072,74620.71,2026-06-10,CUST1272,issued
INV11073,ORD11073,67122.12,2026-06-22,CUST1273,issued
INV11074,ORD11074,72807.19,2026-07-15,CUST1274,issued
INV11075,ORD11075,38160.40,2026-07-05,CUST1275,issued
INV11076,ORD11076,53383.35,2026-07-26,CUST1276,issued
INV11077,ORD11077,51526.90,2026-06-30,CUST1277,issued
INV11078,ORD11078,50319.56,2026-06-25,CUST1278,issued
INV11079,ORD11079,63472.34,2026-07-13,CUST1279,issued
INV11080,ORD11080,68785.10,2026-06-19,CUST1280,issued
INV11081,ORD11081,19199.10,2026-07-22,CUST1281,issued
INV11082,ORD11082,69872.12,2026-06-24,CUST1282,issued
INV11083,ORD11083,6646.55,2026-07-15,CUST1283,issued
INV11084,ORD11084,56542.53,2026-07-16,CUST1284,issued
INV11085,ORD11085,43608.09,2026-07-14,CUST1285,issued
INV11086,ORD11086,13376.69,2026-06-06,CUST1286,issued
INV11088,ORD11088,56426.87,2026-07-06,CUST1288,issued
INV11089,ORD11089,71654.58,2026-06-18,CUST1289,issued
INV11090,ORD11090,38018.14,2026-07-24,CUST1290,issued
INV11091,ORD11091,8038.93,2026-07-25,CUST1291,issued
INV11092,ORD11092,51375.04,2026-06-29,CUST1292,issued
INV11093,ORD11093,63717.74,2026-07-27,CUST1293,issued
INV11094,ORD11094,74439.92,2026-06-18,CUST1294,issued
INV11095,ORD11095,63046.23,2026-07-06,CUST1295,issued
INV11096,OrD11096,"₹10,381.52",2026-07-14,CUST1296,issued
INV11097,ORD11097,71606.04,2026-06-15,CUST1297,issued
INV11098,ORD11098,56325.95,2026-06-18,CUST1298,issued
INV11099,ORD11099,13007.00,2026-06-20,CUST1299,issued
INV11100,ORD11100,55699.57,2026-07-06,CUST1300,issued
INV10424,ORD10424,41199.93,2026-06-14,CUST1024,issued
INV10673,ORD10673,31301.68,2026-07-23,CUST1273,issued
INV10724,ORD10724,26122.84,2026-07-17,CUST1324,issued
INV10376,ORD10376,58508.13,2026-07-24,CUST1376,issued
INV11012,ORD11012,51452.83,2026-07-02,CUST1212,issued
INV11047,ORD11047,51253.41,2026-06-25,CUST1247,issued
