transaction_id,order_id,customer_id,amount,currency,transaction_date,payment_method,status
TXN10001,ORD10001,CUST1001,71095.12,INR,2026-06-26,card,captured
  TXN10002  ,  ORD10002  ,CUST1002,"₹68,236.83",INR,14/06/2026,card,captured
TXN10003,ORD10003,CUST1003,43957.05,USD,2026-06-04,upi,captured
TXN10004,ORD10004,CUST1004,40597.37,INR,2026-07-07,upi,captured
TXN10004B,ORD10004,CUST1004,40597.37,INR,2026-07-08,upi,captured
  TXN10005  ,  ORD10005  ,CUST1005,"7,397.55",INR,16-Jul-2026,wallet,captured
TXN10006,ORD10006,CUST1006,6230.94,INR,2026-06-20,wallet,captured
TXN10007,ORD10007,CUST1007,38443.77,INR,2026-06-11,wallet,captured
TXN10008,ORD10008,CUST1008,57366.36,INR,2026-07-07,netbanking,captured
TXN10008B,ORD10008,CUST1008,57366.36,INR,2026-07-08,wallet,captured
TXN10009,ORD10009,CUST1009,59787.21,USD,2026-06-05,wallet,captured
TXN10010,ORD10010,CUST1010,4644.14,INR,2026-07-15,wallet,captured
TXN10011,ORD10011,CUST1011,1789.96,INR,2026-06-30,wallet,captured
TXN10012,ORD10012,CUST1012,55403.42,INR,2026-06-26,card,captured
TXN10013,ORD10013,CUST1013,20910.15,USD,2026-06-09,,captured
  TXN10014  ,  ORD10014  ,CUST1014,"71,834.07",INR,2026-06-10,wallet,captured
TXN10015,ORD10015,CUST1015,27757.09,USD,2026-07-07,card,captured
TXN10016,ORD10016,CUST1016,29489.18,USD,2026-06-26,,captured
TXN10017,ORD10017,CUST1017,73851.60,INR,2026-06-29,card,captured
TXN10018,ORD10018,CUST1018,11429.74,USD,2026-06-07,card,captured
TXN10019,ORD10019,CUST1019,71664.55,INR,2026-07-09,wallet,captured
  TXN10020  ,  ORD10020  ,CUST1020,23457.74 INR,INR,10-Jun-2026,upi,captured
TXN10022,ORD10022,CUST1022,68128.56,INR,2026-06-23,netbanking,captured
TXN10023,ORD10023,CUST1023,60882.19,USD,2026-07-19,wallet,captured
TXN10023B,ORD10023,CUST1023,60882.19,USD,2026-07-20,upi,captured
txn10024,ord10024,CUST1024,37009.36 INR,USD,17-Jul-2026,netbanking,captured
TXN10025,ORD10025,CUST1025,17090.75,INR,2026-06-13,card,captured
TXN10026,ORD10026,CUST1026,59993.32,INR,2026-06-06,wallet,captured
TXN10027,ORD10027,CUST1027,66686.92,INR,2026-06-28,wallet,captured
TXN10028,ORD10028,CUST1028,54387.42,INR,2026-06-11,wallet,captured
TXN10029,ORD10029,CUST1029,62005.63,USD,2026-07-01,upi,captured
TXN10030,ORD10030,CUST1030,39540.92,INR,2026-07-30,upi,captured
TXN10031,ORD10031,CUST1031,16037.21,INR,2026-07-03,netbanking,captured
TXN10032,ORD10032,CUST1032,68260.28,INR,2026-06-23,wallet,captured
txn10033,ord10033,CUST1033,"11,472.55",USD,2026-07-03,upi,captured
TXN10034,ORD10034,CUST1034,66253.76,INR,2026-06-04,card,captured
TXN10035,ORD10035,CUST1035,2187.15,USD,2026-07-28,upi,captured
TXN10036,ORD10036,CUST1036,38160.90,INR,2026-07-22,netbanking,captured
TXN10037,ORD10037,CUST1037,10371.37,INR,2026-06-08,upi,captured
TXN10038,ORD10038,CUST1038,50243.46,INR,2026-07-21,netbanking,captured
TXN10038,ORD10038,CUST1038,50243.46,INR,2026-07-21,netbanking,captured
TXN10039,ORD10039,CUST1039,72569.10,INR,2026-06-15,wallet,captured
TXN10040,ORD10040,CUST1040,12193.81,INR,2026-06-28,wallet,captured
  TXN10041  ,  ORD10041  ,CUST1041,7005.33,INR,2026-06-24,wallet,captured
TXN10042,ORD10042,CUST1042,20466.84,INR,2026-07-28,upi,captured
TXN10043,ORD10043,CUST1043,30505.49,INR,2026-07-05,netbanking,captured
TXN10044,ORD10044,CUST1044,31956.25,INR,2026-06-05,card,captured
TXN10045,ORD10045,CUST1045,64231.52,USD,2026-06-05,card,captured
TXN10046,ORD10046,CUST1046,69507.53,INR,2026-06-18,upi,captured
TXN10047,ORD10047,CUST1047,3873.44,INR,2026-06-13,upi,captured
TXN10048,ORD10048,CUST1048,50444.57,USD,2026-06-18,netbanking,captured
TXN10049,ORD10049,CUST1049,55007.72,INR,2026-07-06,upi,captured
TXN10050,ORD10050,CUST1050,49272.56,INR,2026-07-05,netbanking,captured
TXN10051,ORD10051,CUST1051,25768.58,INR,2026-07-24,upi,captured
TXN10052,ORD10052,CUST1052,73642.96,INR,2026-07-24,netbanking,captured
TXN10053,ORD10053,CUST1053,6427.92,INR,2026-07-24,netbanking,captured
TXN10054,ORD10054,CUST1054,3488.29,INR,2026-06-12,netbanking,captured
TXN10055,ORD10055,CUST1055,24332.69,USD,2026-06-03,netbanking,captured
TXN10056,ORD10056,CUST1056,28683.83,INR,2026-07-01,upi,captured
TXN10057,ORD10057,CUST1057,19886.23,INR,2026-06-06,wallet,captured
TXN10058,ORD10058,CUST1058,6427.76,INR,2026-07-04,wallet,captured
TXN10059,ORD10059,CUST1059,11294.79,INR,2026-07-17,wallet,captured
TXN10060,ORD10060,CUST1060,10534.14,USD,2026-07-04,card,captured
TXN10061,ORD10061,CUST1061,6473.37,INR,2026-06-03,card,captured
TXN10063,ORD10063,CUST1063,34325.44,INR,2026-06-05,card,captured
TXN10064,ORD10064,CUST1064,55955.02,INR,2026-07-01,netbanking,captured
TXN10065,ORD10065,CUST1065,17382.14,INR,2026-07-12,wallet,captured
TXN10066,ORD10066,CUST1066,57546.06,INR,2026-07-10,upi,captured
TxN10067,OrD10067,CUST1067,46624.19 INR,INR,2026-06-09,upi,captured
TXN10068,ORD10068,CUST1068,74498.20,INR,2026-07-06,wallet,captured
TXN10069,ORD10069,CUST1069,5827.17,INR,2026-07-03,netbanking,captured
TXN10070,ORD10070,CUST1070,5688.50,INR,2026-06-06,netbanking,captured
TXN10071,ORD10071,CUST1071,21039.64,USD,2026-06-08,wallet,captured
TXN10072,ORD10072,CUST1072,368.93,INR,2026-07-02,upi,captured
TXN10073,ORD10073,CUST1073,23774.25,INR,2026-07-24,netbanking,captured
TXN10074,ORD10074,CUST1074,53505.47,INR,2026-07-28,card,captured
TXN10075,ORD10075,CUST1075,5822.41,USD,2026-07-30,card,captured
TXN10076,ORD10076,CUST1076,62617.23,INR,2026-06-19,netbanking,captured
TXN10077,ORD10077,CUST1077,14319.69,INR,2026-06-24,card,captured
txn10078,ord10078,CUST1078,41237.19,USD,17-Jul-2026,upi,captured
TXN10079,ORD10079,CUST1079,25840.35,INR,2026-06-20,netbanking,captured
TXN10080,ORD10080,CUST1080,22632.64,INR,2026-07-06,upi,captured
TXN10081,ORD10081,CUST1081,67956.40,USD,2026-07-02,netbanking,captured
TxN10082,OrD10082,CUST1082,"₹41,129.12",INR,06-16-2026,upi,captured
TXN10083,ORD10083,CUST1083,15829.37,USD,2026-06-18,netbanking,captured
TXN10084,ORD10084,CUST1084,51537.81,INR,2026-07-04,upi,captured
TXN10085,ORD10085,CUST1085,30041.81,INR,2026-06-29,card,captured
TXN10086,ORD10086,CUST1086,53242.43,INR,2026-07-28,wallet,captured
TXN10087,ORD10087,CUST1087,11662.94,INR,2026-07-04,wallet,captured
TXN10088,ORD10088,CUST1088,202.32,INR,2026-06-09,,captured
TXN10089,ORD10089,CUST1089,39666.16,INR,2026-06-28,card,captured
TXN10090,ORD10090,CUST1090,14458.46,USD,2026-06-17,card,captured
TXN10091,ORD10091,CUST1091,71924.60,INR,2026-07-12,upi,captured
TXN10092,ORD10092,CUST1092,72050.01,INR,2026-07-16,upi,captured
TXN10093,ORD10093,CUST1093,6173.80,INR,2026-06-15,upi,captured
TXN10094,ORD10094,CUST1094,53903.08,INR,2026-06-24,netbanking,captured
TXN10095,ORD10095,CUST1095,15470.87,INR,2026-06-13,upi,captured
TXN10095B,ORD10095,CUST1095,15470.87,INR,2026-06-14,netbanking,captured
TXN10096,ORD10096,CUST1096,8264.70,INR,2026-07-10,upi,captured
TXN10097,ORD10097,CUST1097,71162.22,INR,2026-06-10,card,captured
TXN10098,ORD10098,CUST1098,3982.86,INR,2026-06-04,netbanking,captured
TXN10099,ORD10099,CUST1099,69876.50,INR,2026-06-22,wallet,captured
TXN10100,ORD10100,CUST1100,62950.61,INR,2026-06-22,card,captured
TXN10101,ORD10101,CUST1101,31571.72,INR,2026-07-27,upi,captured
TXN10102,ORD10102,CUST1102,68971.03,USD,2026-06-13,wallet,captured
TXN10103,ORD10103,CUST1103,18676.18,INR,2026-07-11,card,captured
  TXN10104  ,  ORD10104  ,CUST1104,19350.49 INR,INR,07-18-2026,netbanking,captured
TXN10105,ORD10105,CUST1105,61968.77,INR,2026-06-07,wallet,captured
TXN10106,ORD10106,CUST1106,45583.34,INR,2026-06-21,card,captured
TXN10107,ORD10107,CUST1107,56491.14,INR,2026-06-16,wallet,captured
TXN10108,ORD10108,CUST1108,12135.86,INR,2026-06-28,netbanking,captured
TXN10109,ORD10109,CUST1109,7322.05,INR,2026-07-02,upi,captured
TXN10110,ORD10110,CUST1110,34623.19,INR,2026-07-28,card,captured
TXN10111,ORD10111,CUST1111,21026.83,INR,2026-06-18,upi,captured
TXN10112,ORD10112,CUST1112,14011.66,INR,2026-06-16,upi,captured
TXN10113,ORD10113,CUST1113,74434.41,INR,2026-07-03,card,captured
TXN10114,ORD10114,CUST1114,7764.70,INR,2026-07-01,wallet,captured
TXN10115,ORD10115,CUST1115,17543.66,INR,2026-06-04,upi,captured
TXN10116,ORD10116,CUST1116,64972.94,USD,2026-06-29,card,captured
TXN10116,ORD10116,CUST1116,64972.94,USD,2026-06-29,card,captured
TXN10117,ORD10117,CUST1117,53256.99,USD,2026-06-23,upi,captured
TXN10118,ORD10118,CUST1118,2963.88,INR,2026-07-17,card,captured
  TXN10119  ,  ORD10119  ,CUST1119,13967.37,INR,20-Jun-2026,card,captured
TXN10120,ORD10120,CUST1120,52185.90,INR,2026-06-27,wallet,captured
TXN10121,ORD10121,CUST1121,66288.75,USD,2026-06-27,netbanking,captured
TXN10122,ORD10122,CUST1122,15354.67,INR,2026-06-01,,captured
TXN10123,ORD10123,CUST1123,66224.56,USD,2026-06-30,card,captured
TXN10124,ORD10124,CUST1124,6768.43,INR,2026-07-10,upi,captured
TXN10125,ORD10125,CUST1125,21318.80,INR,2026-07-04,wallet,captured
txn10126,ord10126,CUST1126,9586.11 INR,INR,2026-07-31,wallet,captured
TXN10127,ORD10127,CUST1127,16438.45,USD,2026-06-26,netbanking,captured
TXN10128,ORD10128,CUST1128,72804.85,INR,2026-07-23,card,captured
TXN10129,ORD10129,CUST1129,29298.76,INR,2026-06-30,netbanking,captured
TXN10130,ORD10130,CUST1130,43738.59,INR,2026-06-28,wallet,captured
TXN10131,ORD10131,CUST1131,46455.00,INR,2026-07-02,wallet,captured
TXN10132,ORD10132,CUST1132,8120.00,INR,2026-06-09,wallet,captured
TxN10133,OrD10133,CUST1133,"₹3,144.81",INR,2026-06-09,wallet,captured
  TXN10134  ,  ORD10134  ,CUST1134,54933.12,USD,07-23-2026,upi,captured
TXN10135,ORD10135,CUST1135,20696.95,USD,2026-07-23,wallet,captured
TXN10136,ORD10136,CUST1136,46228.38,INR,2026-06-16,upi,captured
TXN10137,ORD10137,CUST1137,51008.03,INR,2026-07-28,netbanking,captured
TXN10137,ORD10137,CUST1137,51008.03,INR,2026-07-28,netbanking,captured
TXN10138,ORD10138,CUST1138,47760.27,INR,2026-06-24,card,captured
TXN10139,ORD10139,CUST1139,55370.44,INR,2026-06-24,upi,captured
TXN10140,ORD10140,CUST1140,33226.89,INR,2026-06-12,netbanking,captured
TXN10141,ORD10141,CUST1141,16700.65,INR,2026-06-19,netbanking,captured
TxN10142,OrD10142,CUST1142,17121.75 INR,INR,07-12-2026,card,captured
TXN10143,ORD10143,CUST1143,27530.97,INR,2026-07-24,upi,captured
TXN10144,ORD10144,CUST1144,7275.77,INR,2026-07-11,netbanking,captured
TXN10145,ORD10145,CUST1145,4304.18,INR,2026-07-23,wallet,captured
  TXN10146  ,  ORD10146  ,CUST1146,"₹18,712.43",INR,28-Jul-2026,upi,captured
TXN10147,ORD10147,CUST1147,31047.05,INR,2026-07-04,wallet,captured
TXN10148,ORD10148,CUST1148,23272.75,USD,2026-06-20,wallet,captured
TXN10149,ORD10149,CUST1149,28199.39,INR,2026-06-28,wallet,captured
txn10150,ord10150,CUST1150,19680.86 INR,INR,2026-07-12,netbanking,captured
TXN10151,ORD10151,CUST1151,19601.61,INR,2026-06-16,upi,captured
TXN10152,ORD10152,CUST1152,66024.34,INR,2026-06-22,wallet,captured
TXN10153,ORD10153,CUST1153,64328.45,INR,2026-06-28,netbanking,captured
TXN10154,ORD10154,CUST1154,43941.39,USD,2026-07-07,card,captured
txn10156,ord10156,CUST1156,"₹51,977.63",INR,2026-07-11,netbanking,captured
TXN10157,ORD10157,CUST1157,2636.16,INR,2026-07-31,card,captured
TXN10157B,ORD10157,CUST1157,2636.16,INR,2026-08-01,netbanking,captured
TXN10158,ORD10158,CUST1158,7580.79,INR,2026-06-07,netbanking,captured
TXN10159,ORD10159,CUST1159,19660.86,INR,2026-06-23,netbanking,captured
TXN10160,ORD10160,CUST1160,35758.60,USD,2026-06-19,wallet,captured
TXN10161,ORD10161,CUST1161,57999.64,USD,2026-06-23,upi,captured
TXN10162,ORD10162,CUST1162,61503.86,USD,2026-06-11,netbanking,captured
TXN10163,ORD10163,CUST1163,36862.64,INR,2026-07-02,wallet,captured
TXN10163B,ORD10163,CUST1163,36862.64,INR,2026-07-03,netbanking,captured
TXN10164,ORD10164,CUST1164,70795.85,USD,2026-06-19,upi,captured
txn10165,ord10165,CUST1165,"₹70,409.48",INR,07-20-2026,netbanking,captured
txn10165,ord10165,CUST1165,"₹70,409.48",INR,07-20-2026,netbanking,captured
TXN10166,ORD10166,CUST1166,15538.15,INR,2026-06-17,upi,captured
TXN10167,ORD10167,CUST1167,70799.61,INR,2026-06-09,card,captured
TXN10168,ORD10168,CUST1168,24566.85,USD,2026-06-10,netbanking,captured
TXN10169,ORD10169,CUST1169,51710.70,INR,2026-06-17,wallet,captured
TXN10171,ORD10171,CUST1171,73110.07,INR,2026-07-17,upi,captured
TXN10172,ORD10172,CUST1172,19475.74,INR,2026-07-17,card,captured
TXN10173,ORD10173,CUST1173,73789.08,INR,2026-07-21,netbanking,captured
TXN10174,ORD10174,CUST1174,21132.25,INR,2026-07-27,wallet,captured
TXN10175,ORD10175,CUST1175,37586.44,INR,2026-07-11,netbanking,captured
TXN10176,ORD10176,CUST1176,513.27,INR,2026-06-16,wallet,captured
TXN10177,ORD10177,CUST1177,63948.05,USD,2026-07-14,wallet,captured
TXN10179,ORD10179,CUST1179,63723.17,INR,2026-07-01,wallet,captured
TXN10180,ORD10180,CUST1180,67097.63,INR,2026-06-21,wallet,captured
TXN10181,ORD10181,CUST1181,40797.66,INR,2026-06-11,upi,captured
TXN10182,ORD10182,CUST1182,25779.60,USD,2026-07-18,upi,captured
TXN10183,ORD10183,CUST1183,54710.08,INR,2026-07-10,netbanking,captured
TXN10184,ORD10184,CUST1184,1096.79,INR,2026-06-27,netbanking,captured
TXN10185,ORD10185,CUST1185,16909.60,INR,2026-07-18,upi,captured
TXN10186,ORD10186,CUST1186,54080.79,USD,2026-07-23,wallet,captured
TXN10187,ORD10187,CUST1187,48755.60,USD,2026-07-20,upi,captured
TXN10188,ORD10188,CUST1188,51590.12,INR,2026-06-28,netbanking,captured
TXN10189,ORD10189,CUST1189,24092.01,INR,2026-07-02,netbanking,captured
TXN10190,ORD10190,CUST1190,4374.01,INR,2026-07-23,upi,captured
TXN10191,ORD10191,CUST1191,1222.44,USD,2026-06-01,netbanking,captured
TXN10192,ORD10192,CUST1192,43428.68,INR,2026-07-25,netbanking,captured
TXN10192,ORD10192,CUST1192,43428.68,INR,2026-07-25,netbanking,captured
TXN10194,ORD10194,CUST1194,59126.73,USD,2026-07-24,upi,captured
TXN10195,ORD10195,CUST1195,50375.02,INR,2026-06-08,upi,captured
TXN10196,ORD10196,CUST1196,41834.51,INR,2026-07-01,wallet,captured
TXN10197,ORD10197,CUST1197,40511.75,INR,2026-07-26,netbanking,captured
TXN10198,ORD10198,CUST1198,37370.73,USD,2026-06-19,wallet,captured
TXN10199,ORD10199,CUST1199,47814.36,INR,2026-07-11,card,captured
TXN10200,ORD10200,CUST1200,60664.11,INR,2026-06-07,upi,captured
txn10201,ord10201,CUST1201,46933.31 INR,INR,22-Jun-2026,upi,captured
TXN10202,ORD10202,CUST1202,41596.67,INR,2026-07-23,wallet,captured
TXN10203,ORD10203,CUST1203,73823.08,USD,2026-07-26,wallet,captured
TXN10204,ORD10204,CUST1204,23850.34,INR,2026-06-20,card,captured
TXN10205,ORD10205,CUST1205,66431.54,USD,2026-07-05,card,captured
TXN10206,ORD10206,CUST1206,61664.90,INR,2026-07-01,wallet,captured
TXN10207,ORD10207,CUST1207,65736.54,USD,2026-06-06,wallet,captured
TxN10208,OrD10208,CUST1208,"₹49,805.11",INR,07-26-2026,upi,captured
TxN10208,OrD10208,CUST1208,"₹49,805.11",INR,07-26-2026,upi,captured
TXN10209,ORD10209,CUST1209,32357.56,INR,2026-07-12,wallet,captured
TXN10210,ORD10210,CUST1210,61874.24,INR,2026-07-20,wallet,captured
TXN10211,ORD10211,CUST1211,44580.32,INR,2026-07-31,wallet,captured
TXN10212,ORD10212,CUST1212,48373.49,INR,2026-06-14,wallet,captured
txn10213,ord10213,CUST1213,"73,999.95",INR,25-Jul-2026,card,captured
TXN10214,ORD10214,CUST1214,22056.43,INR,2026-07-06,netbanking,captured
TXN10216,ORD10216,CUST1216,23398.59,INR,2026-07-17,wallet,captured
TXN10217,ORD10217,CUST1217,71546.55,INR,2026-06-11,wallet,captured
  TXN10218  ,  ORD10218  ,CUST1218,25108.03 INR,USD,2026-06-18,upi,captured
TXN10219,ORD10219,CUST1219,57881.26,USD,2026-06-15,card,captured
TXN10220,ORD10220,CUST1220,31745.25,INR,2026-07-08,card,captured
TXN10220,ORD10220,CUST1220,31745.25,INR,2026-07-08,card,captured
TXN10221,ORD10221,CUST1221,11110.23,USD,2026-07-25,wallet,captured
TXN10222,ORD10222,CUST1222,40544.59,INR,2026-07-02,upi,captured
TXN10223,ORD10223,CUST1223,50856.88,INR,2026-06-30,card,captured
TXN10224,ORD10224,CUST1224,6668.80,USD,2026-07-22,wallet,captured
TXN10225,ORD10225,CUST1225,66393.54,INR,2026-07-04,upi,captured
TXN10226,ORD10226,CUST1226,7004.91,INR,2026-07-22,netbanking,captured
TXN10227,ORD10227,CUST1227,18548.23,INR,2026-07-30,card,captured
TXN10228,ORD10228,CUST1228,59072.33,INR,2026-06-10,netbanking,captured
TXN10229,ORD10229,CUST1229,7146.95,INR,2026-06-14,wallet,captured
TXN10230,ORD10230,CUST1230,69419.60,INR,2026-06-18,upi,captured
TXN10231,ORD10231,CUST1231,15154.08,INR,2026-06-12,card,captured
TXN10232,ORD10232,CUST1232,36563.98,INR,2026-07-25,wallet,captured
TXN10233,ORD10233,CUST1233,19363.81,INR,2026-07-07,wallet,captured
TXN10234,ORD10234,CUST1234,27881.24,INR,2026-06-16,card,captured
TxN10235,OrD10235,CUST1235,67716.31 INR,INR,28-Jul-2026,card,captured
TXN10236,ORD10236,CUST1236,44400.75,USD,2026-07-19,netbanking,captured
TXN10237,ORD10237,CUST1237,28186.24,INR,2026-06-25,upi,captured
TXN10238,ORD10238,CUST1238,53820.28,INR,2026-06-13,upi,captured
TXN10239,ORD10239,CUST1239,N/A,INR,2026-06-09,wallet,captured
TXN10240,ORD10240,CUST1240,16701.65,INR,2026-06-04,upi,captured
TXN10241,ORD10241,CUST1241,31427.90,INR,2026-06-16,netbanking,captured
TXN10242,ORD10242,CUST1242,36876.42,INR,2026-06-21,upi,captured
TXN10243,ORD10243,CUST1243,42039.69,INR,2026-07-24,upi,captured
TXN10244,ORD10244,CUST1244,74856.61,INR,2026-07-30,wallet,captured
  TXN10245  ,  ORD10245  ,CUST1245,10911.90 INR,INR,11/07/2026,wallet,captured
TXN10245B,ORD10245,CUST1245,10911.90,INR,2026-07-12,upi,captured
TXN10246,ORD10246,CUST1246,42893.35,INR,2026-06-09,upi,captured
TxN10247,OrD10247,CUST1247,45088.83,INR,07-24-2026,upi,captured
TXN10248,ORD10248,CUST1248,38932.59,INR,2026-06-23,wallet,captured
TXN10249,ORD10249,CUST1249,10082.82,INR,2026-07-13,netbanking,captured
TxN10250,OrD10250,CUST1250,43161.49,INR,2026-07-25,card,captured
TXN10251,ORD10251,CUST1251,33538.27,INR,2026-06-02,card,captured
txn10252,ord10252,CUST1252,"₹46,469.02",INR,2026-06-11,card,captured
TxN10253,OrD10253,CUST1253,7804.56 INR,INR,2026-07-26,wallet,captured
TXN10254,ORD10254,CUST1254,44426.73,USD,2026-07-26,wallet,captured
TXN10255,ORD10255,CUST1255,71119.76,INR,2026-06-02,wallet,captured
TxN10256,OrD10256,CUST1256,2811.93,USD,31/07/2026,netbanking,captured
TXN10257,ORD10257,CUST1257,18771.40,INR,2026-06-28,card,captured
TXN10258,ORD10258,CUST1258,24393.83,INR,2026-06-13,upi,captured
TXN10259,ORD10259,CUST1259,47527.54,INR,2026-07-22,card,captured
TXN10260,ORD10260,CUST1260,20006.32,USD,2026-07-14,card,captured
TXN10261,ORD10261,CUST1261,9215.30,INR,2026-06-01,netbanking,captured
TXN10262,ORD10262,CUST1262,35034.65,INR,2026-07-05,upi,captured
TXN10263,ORD10263,CUST1263,21694.21,USD,2026-06-16,netbanking,captured
TXN10264,ORD10264,CUST1264,52143.11,USD,2026-06-15,netbanking,captured
TXN10265,ORD10265,CUST1265,45998.70,INR,2026-07-01,netbanking,captured
TXN10266,ORD10266,CUST1266,40989.08,USD,2026-07-08,upi,captured
TXN10267,ORD10267,CUST1267,24478.28,USD,2026-06-18,netbanking,captured
TXN10268,ORD10268,CUST1268,41379.53,INR,2026-07-09,card,captured
  TXN10269  ,  ORD10269  ,CUST1269,"26,623.09",INR,19-Jul-2026,netbanking,captured
TXN10270,ORD10270,CUST1270,20224.33,INR,2026-07-11,upi,captured
TXN10271,ORD10271,CUST1271,30840.30,INR,2026-07-06,upi,captured
TXN10273,ORD10273,CUST1273,22039.62,INR,2026-06-26,netbanking,captured
TXN10274,ORD10274,CUST1274,33357.91,INR,2026-06-12,wallet,captured
TXN10274B,ORD10274,CUST1274,33357.91,INR,2026-06-13,upi,captured
TXN10275,ORD10275,CUST1275,61640.69,INR,2026-06-22,upi,captured
TXN10276,ORD10276,CUST1276,2015.58,INR,2026-06-17,netbanking,captured
TXN10277,ORD10277,CUST1277,38856.85,INR,2026-07-04,wallet,captured
TXN10278,ORD10278,CUST1278,50749.36,USD,2026-06-29,upi,captured
TXN10279,ORD10279,CUST1279,37618.07,INR,2026-07-12,upi,captured
TXN10280,ORD10280,CUST1280,67446.57,USD,2026-07-08,card,captured
TXN10281,ORD10281,CUST1281,27562.66,INR,2026-06-05,card,captured
TXN10282,ORD10282,CUST1282,61559.54,INR,2026-07-03,upi,captured
TXN10283,ORD10283,CUST1283,15663.79,USD,2026-07-28,card,captured
TXN10284,ORD10284,CUST1284,51911.26,INR,2026-06-01,card,captured
txn10285,ord10285,CUST1285,44006.41 INR,INR,13/07/2026,upi,captured
TXN10286,ORD10286,CUST1286,12873.13,INR,2026-07-04,wallet,captured
txn10288,ord10288,CUST1288,"₹2,563.49",INR,07-11-2026,upi,captured
TXN10289,ORD10289,CUST1289,4188.37,INR,2026-06-16,upi,captured
TXN10290,ORD10290,CUST1290,22845.37,INR,2026-07-09,card,captured
TXN10292,ORD10292,CUST1292,13092.72,INR,2026-06-23,netbanking,captured
TXN10293,ORD10293,CUST1293,8704.99,INR,2026-07-05,card,captured
TXN10294,ORD10294,CUST1294,41582.69,INR,2026-06-25,upi,captured
TXN10295,ORD10295,CUST1295,49854.15,INR,2026-06-22,upi,captured
TXN10296,ORD10296,CUST1296,40910.48,INR,2026-07-21,upi,captured
TXN10297,ORD10297,CUST1297,16314.06,INR,2026-06-26,upi,captured
TXN10298,ORD10298,CUST1298,67481.34,USD,2026-07-08,wallet,captured
TXN10299,ORD10299,CUST1299,9501.20,INR,2026-07-19,netbanking,captured
TXN10300,ORD10300,CUST1300,49348.36,INR,2026-07-07,card,captured
TXN10301,ORD10301,CUST1301,24145.68,INR,2026-07-13,netbanking,captured
  TXN10302  ,  ORD10302  ,CUST1302,5036.73,INR,06-20-2026,netbanking,captured
TXN10304,ORD10304,CUST1304,67962.82,INR,2026-06-07,,captured
TXN10305,ORD10305,CUST1305,30409.21,INR,2026-07-09,netbanking,captured
TXN10306,ORD10306,CUST1306,41470.59,INR,2026-07-11,upi,captured
TXN10307,ORD10307,CUST1307,19177.71,USD,2026-06-28,card,captured
TXN10308,ORD10308,CUST1308,67590.20,INR,2026-07-27,card,captured
TXN10309,ORD10309,CUST1309,15839.42,INR,2026-07-29,wallet,captured
TXN10310,ORD10310,CUST1310,74858.41,INR,2026-07-10,card,captured
TXN10312,ORD10312,CUST1312,38198.51,INR,2026-07-14,upi,captured
TXN10313,ORD10313,CUST1313,71427.20,INR,2026-07-23,upi,captured
TXN10314,ORD10314,CUST1314,19594.74,USD,2026-06-04,card,captured
TXN10315,ORD10315,CUST1315,10375.56,INR,2026-07-14,upi,captured
TXN10316,ORD10316,CUST1316,38702.08,INR,2026-06-29,netbanking,captured
TXN10317,ORD10317,CUST1317,44107.77,INR,2026-06-16,wallet,captured
TXN10317B,ORD10317,CUST1317,44107.77,INR,2026-06-17,upi,captured
TXN10318,ORD10318,CUST1318,73450.25,USD,2026-07-24,card,captured
TXN10318B,ORD10318,CUST1318,73450.25,USD,2026-07-25,card,captured
TxN10319,OrD10319,CUST1319,"36,546.99",INR,2026-06-03,netbanking,captured
  TXN10320  ,  ORD10320  ,CUST1320,12690.34,INR,2026-06-05,netbanking,captured
TXN10321,ORD10321,CUST1321,24203.80,USD,2026-06-23,netbanking,captured
TxN10322,OrD10322,CUST1322,N/A,INR,06-02-2026,netbanking,captured
TXN10323,ORD10323,CUST1323,24079.66,INR,2026-06-24,netbanking,captured
TXN10324,ORD10324,CUST1324,8131.98,INR,2026-07-22,wallet,captured
TXN10324B,ORD10324,CUST1324,8131.98,INR,2026-07-23,wallet,captured
TXN10325,ORD10325,CUST1325,37514.80,INR,2026-06-11,card,captured
  TXN10326  ,  ORD10326  ,CUST1326,33294.81,INR,26-Jun-2026,upi,captured
TXN10327,ORD10327,CUST1327,49655.72,INR,2026-07-03,card,captured
TXN10328,ORD10328,CUST1328,67809.55,INR,2026-06-11,netbanking,captured
TXN10329,ORD10329,CUST1329,6469.63,INR,2026-06-21,upi,captured
txn10330,ord10330,CUST1330,6199.76 INR,USD,22-Jul-2026,netbanking,captured
TXN10331,ORD10331,CUST1331,66394.30,USD,2026-06-02,wallet,captured
TXN10332,ORD10332,CUST1332,49570.11,INR,2026-06-24,netbanking,captured
txn10333,ord10333,CUST1333,"33,158.45",USD,2026-06-17,upi,captured
TxN10334,OrD10334,CUST1334,"₹40,637.88",INR,15-Jul-2026,card,captured
TXN10335,ORD10335,CUST1335,12927.01,USD,2026-06-13,upi,captured
TXN10335,ORD10335,CUST1335,12927.01,USD,2026-06-13,upi,captured
TXN10336,ORD10336,CUST1336,30386.30,INR,2026-06-04,upi,captured
TXN10337,ORD10337,CUST1337,53086.24,INR,2026-06-28,upi,captured
TXN10338,ORD10338,CUST1338,12683.58,INR,2026-07-18,card,captured
TXN10338B,ORD10338,CUST1338,12683.58,INR,2026-07-19,upi,captured
TXN10339,ORD10339,CUST1339,38537.25,INR,2026-07-04,card,captured
TXN10340,ORD10340,CUST1340,7563.43,INR,2026-07-06,card,captured
TXN10341,ORD10341,CUST1341,52075.19,INR,2026-06-02,card,captured
TXN10342,ORD10342,CUST1342,13976.63,INR,2026-07-06,wallet,captured
TXN10343,ORD10343,CUST1343,74795.39,USD,2026-07-19,card,captured
TXN10344,ORD10344,CUST1344,36589.06,INR,2026-07-01,card,captured
TXN10344B,ORD10344,CUST1344,36589.06,INR,2026-07-02,wallet,captured
TXN10345,ORD10345,CUST1345,72567.95,INR,2026-07-15,card,captured
TXN10346,ORD10346,CUST1346,16301.95,USD,2026-07-28,upi,captured
TXN10347,ORD10347,CUST1347,24919.55,INR,2026-06-30,card,captured
TXN10348,ORD10348,CUST1348,25100.08,INR,2026-06-02,card,captured
TxN10349,OrD10349,CUST1349,20522.75 INR,INR,18/06/2026,card,captured
TXN10350,ORD10350,CUST1350,65473.73,INR,2026-07-31,netbanking,captured
TXN10351,ORD10351,CUST1351,64004.92,USD,2026-06-16,wallet,captured
TXN10352,ORD10352,CUST1352,66286.32,INR,2026-07-21,upi,captured
TXN10353,ORD10353,CUST1353,10257.94,INR,2026-06-01,wallet,captured
TXN10354,ORD10354,CUST1354,57948.85,USD,2026-07-30,netbanking,captured
TXN10355,ORD10355,CUST1355,54526.45,INR,2026-07-06,card,captured
  TXN10356  ,  ORD10356  ,CUST1356,"54,118.25",INR,07-30-2026,netbanking,captured
TXN10357,ORD10357,CUST1357,3672.31,INR,2026-06-29,card,captured
TxN10358,OrD10358,CUST1358,45116.52 INR,INR,06/06/2026,card,captured
TXN10358B,ORD10358,CUST1358,45116.52,INR,2026-06-07,netbanking,captured
TXN10359,ORD10359,CUST1359,48705.09,INR,2026-06-26,upi,captured
TXN10359B,ORD10359,CUST1359,48705.09,INR,2026-06-27,card,captured
TXN10360,ORD10360,CUST1360,47010.71,INR,2026-06-22,wallet,captured
TXN10361,ORD10361,CUST1361,2028.00,INR,2026-06-21,card,captured
TXN10362,ORD10362,CUST1362,11835.23,INR,2026-06-02,card,captured
TXN10363,ORD10363,CUST1363,25873.69,INR,2026-07-14,netbanking,captured
TXN10364,ORD10364,CUST1364,57271.81,INR,2026-07-20,wallet,captured
TXN10365,ORD10365,CUST1365,39296.84,INR,2026-07-31,wallet,captured
TXN10366,ORD10366,CUST1366,11379.43,INR,2026-07-11,card,captured
TXN10367,ORD10367,CUST1367,10147.32,USD,2026-06-04,upi,captured
TXN10368,ORD10368,CUST1368,55345.99,INR,2026-07-28,upi,captured
TXN10369,ORD10369,CUST1369,26377.03,INR,2026-07-16,wallet,captured
TXN10370,ORD10370,CUST1370,67587.13,INR,2026-06-25,card,captured
TXN10371,ORD10371,CUST1371,5001.37,INR,2026-07-12,netbanking,captured
TXN10372,ORD10372,CUST1372,28261.80,USD,2026-07-29,upi,captured
TXN10373,ORD10373,CUST1373,19747.83,INR,2026-06-28,netbanking,captured
TXN10374,ORD10374,CUST1374,22454.68,INR,2026-07-02,upi,captured
txn10375,ord10375,CUST1375,"61,729.95",INR,19/06/2026,netbanking,captured
TXN10376,ORD10376,CUST1376,58508.13,INR,2026-07-26,upi,captured
TXN10377,ORD10377,CUST1377,60396.03,INR,2026-06-10,netbanking,captured
TXN10378,ORD10378,CUST1378,7406.37,INR,2026-06-11,wallet,captured
TxN10379,OrD10379,CUST1379,"₹66,158.15",INR,2026-07-28,upi,captured
TXN10380,ORD10380,CUST1380,65905.05,INR,2026-06-08,wallet,captured
TXN10381,ORD10381,CUST1381,51435.75,INR,2026-06-10,card,captured
TXN10382,ORD10382,CUST1382,71797.24,INR,2026-06-05,upi,captured
TXN10383,ORD10383,CUST1383,52798.34,INR,2026-06-01,card,captured
TXN10384,ORD10384,CUST1384,30668.37,INR,2026-07-06,netbanking,captured
TXN10385,ORD10385,CUST1385,40843.32,INR,2026-07-06,netbanking,captured
TXN10386,ORD10386,CUST1386,40545.76,INR,2026-06-25,wallet,captured
TXN10387,ORD10387,CUST1387,18007.95,INR,2026-07-03,wallet,captured
TXN10388,ORD10388,CUST1388,6602.31,INR,2026-07-10,card,captured
TXN10389,ORD10389,CUST1389,24395.53,USD,2026-07-12,wallet,captured
TXN10390,ORD10390,CUST1390,55990.86,INR,2026-07-25,wallet,captured
TXN10391,ORD10391,CUST1391,26704.71,INR,2026-06-05,netbanking,captured
TXN10392,ORD10392,CUST1392,49851.76,USD,2026-07-30,wallet,captured
TXN10393,ORD10393,CUST1393,44252.88,USD,2026-07-07,netbanking,captured
TXN10394,ORD10394,CUST1394,12768.05,USD,2026-06-24,wallet,captured
TXN10395,ORD10395,CUST1395,24215.03,INR,2026-06-24,card,captured
TXN10395B,ORD10395,CUST1395,24215.03,INR,2026-06-25,netbanking,captured
TXN10396,ORD10396,CUST1396,7799.94,INR,2026-06-23,netbanking,captured
TXN10398,ORD10398,CUST1398,54827.86,INR,2026-06-12,upi,captured
TXN10399,ORD10399,CUST1399,49553.83,USD,2026-07-10,wallet,captured
TXN10400,ORD10400,CUST1000,15143.88,USD,2026-07-07,netbanking,captured
TXN10401,ORD10401,CUST1001,18213.19,INR,2026-07-24,wallet,captured
TXN10402,ORD10402,CUST1002,31793.61,INR,2026-07-21,card,captured
TXN10402,ORD10402,CUST1002,31793.61,INR,2026-07-21,card,captured
TXN10403,ORD10403,CUST1003,27601.36,INR,2026-07-16,wallet,captured
TXN10404,ORD10404,CUST1004,27989.46,USD,2026-07-13,card,captured
TXN10405,ORD10405,CUST1005,31161.94,USD,2026-07-30,card,captured
TXN10406,ORD10406,CUST1006,42305.36,USD,2026-07-30,wallet,captured
TXN10406B,ORD10406,CUST1006,42305.36,USD,2026-07-31,card,captured
TXN10407,ORD10407,CUST1007,29881.33,INR,2026-06-09,upi,captured
TXN10407B,ORD10407,CUST1007,29881.33,INR,2026-06-10,wallet,captured
TXN10408,ORD10408,CUST1008,3140.04,USD,2026-07-14,wallet,captured
TXN10409,ORD10409,CUST1009,16631.07,INR,2026-06-05,wallet,captured
TXN10411,ORD10411,CUST1011,51857.01,USD,2026-06-27,wallet,captured
TXN10412,ORD10412,CUST1012,24104.59,INR,2026-06-13,netbanking,captured
TXN10413,ORD10413,CUST1013,23546.74,INR,2026-06-17,wallet,captured
TXN10414,ORD10414,CUST1014,23082.83,INR,2026-06-16,netbanking,captured
TXN10414B,ORD10414,CUST1014,23082.83,INR,2026-06-17,upi,captured
TXN10415,ORD10415,CUST1015,15642.22,INR,2026-07-12,,captured
TXN10416,ORD10416,CUST1016,27493.04,INR,2026-07-22,card,captured
TXN10417,ORD10417,CUST1017,40027.61,INR,2026-06-27,card,captured
TXN10417B,ORD10417,CUST1017,40027.61,INR,2026-06-28,wallet,captured
TXN10418,ORD10418,CUST1018,15121.21,INR,2026-06-14,wallet,captured
TXN10419,ORD10419,CUST1019,65866.82,INR,2026-06-04,card,captured
TXN10420,ORD10420,CUST1020,37336.47,USD,2026-06-01,upi,captured
TXN10421,ORD10421,CUST1021,60164.46,INR,2026-07-05,upi,captured
  TXN10422  ,  ORD10422  ,CUST1022,"7,233.12",INR,07-21-2026,wallet,captured
TXN10423,ORD10423,CUST1023,22093.27,INR,2026-06-15,upi,captured
TXN10423,ORD10423,CUST1023,22093.27,INR,2026-06-15,upi,captured
TXN10424,ORD10424,CUST1024,41199.93,INR,2026-06-14,upi,captured
TXN10424,ORD10424,CUST1024,abc,INR,2026-06-14,upi,captured
TXN10425,ORD10425,CUST1025,28560.10,INR,2026-07-12,card,captured
TXN10426,ORD10426,CUST1026,54645.14,INR,2026-06-28,card,captured
TXN10427,ORD10427,CUST1027,74710.03,INR,2026-07-31,wallet,captured
  TXN10428  ,  ORD10428  ,CUST1028,66715.53 INR,INR,2026-07-29,upi,captured
TXN10429,ORD10429,CUST1029,25887.96,INR,2026-07-31,upi,captured
TXN10430,ORD10430,CUST1030,36129.96,INR,2026-06-22,netbanking,captured
TXN10431,ORD10431,CUST1031,34178.21,USD,2026-07-18,wallet,captured
TXN10431,ORD10431,CUST1031,34178.21,USD,2026-07-18,wallet,captured
txn10432,ord10432,CUST1032,"3,066.91",INR,08-Jul-2026,netbanking,captured
TxN10433,OrD10433,CUST1033,12810.34,INR,07-31-2026,upi,captured
TXN10434,ORD10434,CUST1034,40245.39,INR,2026-06-08,card,captured
TXN10435,ORD10435,CUST1035,71209.69,INR,2026-06-19,upi,captured
TxN10436,OrD10436,CUST1036,"₹37,684.54",USD,27-Jul-2026,upi,captured
  TXN10437  ,  ORD10437  ,CUST1037,"₹29,555.73",INR,2026-07-04,upi,captured
TXN10438,ORD10438,CUST1038,46406.80,INR,2026-07-15,card,captured
TXN10439,ORD10439,CUST1039,906.36,INR,2026-07-31,card,captured
TXN10439,ORD10439,CUST1039,906.36,INR,2026-07-31,card,captured
TXN10440,ORD10440,CUST1040,55058.23,INR,2026-07-14,upi,captured
TXN10440,ORD10440,CUST1040,55058.23,INR,2026-07-14,upi,captured
TXN10441,ORD10441,CUST1041,51484.12,INR,2026-07-16,wallet,captured
TxN10442,OrD10442,CUST1042,"₹58,466.59",USD,29/07/2026,card,captured
TXN10443,ORD10443,CUST1043,19522.01,INR,2026-07-15,wallet,captured
TXN10444,ORD10444,CUST1044,32705.54,INR,2026-07-23,netbanking,captured
TxN10445,OrD10445,CUST1045,49174.51 INR,USD,11/07/2026,upi,captured
TXN10446,ORD10446,CUST1046,17203.19,INR,2026-07-14,wallet,captured
TXN10447,ORD10447,CUST1047,36730.07,INR,2026-06-02,wallet,captured
TXN10448,ORD10448,CUST1048,34365.55,INR,2026-06-22,wallet,captured
TXN10449,ORD10449,CUST1049,21980.67,INR,2026-06-06,wallet,captured
TXN10450,ORD10450,CUST1050,60554.15,USD,2026-06-08,wallet,captured
TXN10451,ORD10451,CUST1051,25016.32,INR,2026-06-10,wallet,captured
TXN10452,ORD10452,CUST1052,71688.20,INR,2026-07-03,upi,captured
TXN10453,ORD10453,CUST1053,7870.24,INR,2026-06-16,netbanking,captured
TXN10453B,ORD10453,CUST1053,7870.24,INR,2026-06-17,card,captured
TXN10454,ORD10454,CUST1054,55119.41,USD,2026-07-19,netbanking,captured
TXN10455,ORD10455,CUST1055,38619.23,INR,2026-06-22,netbanking,captured
txn10456,ord10456,CUST1056,"₹27,342.82",INR,02-Jun-2026,wallet,captured
TXN10456B,ORD10456,CUST1056,27342.82,INR,2026-06-03,card,captured
TXN10457,ORD10457,CUST1057,10925.02,INR,2026-07-08,wallet,captured
TXN10458,ORD10458,CUST1058,48148.05,USD,2026-06-18,card,captured
TXN10459,ORD10459,CUST1059,48695.03,INR,2026-07-22,wallet,captured
TXN10460,ORD10460,CUST1060,24382.74,INR,2026-07-24,netbanking,captured
TXN10460B,ORD10460,CUST1060,24382.74,INR,2026-07-25,card,captured
TXN10461,ORD10461,CUST1061,23169.31,INR,2026-07-04,card,captured
TXN10462,ORD10462,CUST1062,58303.18,INR,2026-06-24,netbanking,captured
TXN10464,ORD10464,CUST1064,28975.23,INR,2026-07-01,wallet,captured
txn10465,ord10465,CUST1065,58420.61,INR,21-Jun-2026,card,captured
TxN10466,OrD10466,CUST1066,33779.35 INR,INR,06-01-2026,netbanking,captured
TXN10466B,ORD10466,CUST1066,33779.35,INR,2026-06-02,netbanking,captured
TXN10468,ORD10468,CUST1068,30058.32,INR,2026-07-02,upi,captured
TXN10469,ORD10469,CUST1069,55200.90,USD,2026-06-27,upi,captured
TXN10470,ORD10470,CUST1070,69348.68,INR,2026-06-05,upi,captured
TXN10471,ORD10471,CUST1071,43071.83,INR,2026-06-18,upi,captured
TXN10472,ORD10472,CUST1072,37592.75,INR,2026-07-28,wallet,captured
TXN10473,ORD10473,CUST1073,45965.20,INR,2026-06-18,netbanking,captured
TXN10473,ORD10473,CUST1073,45965.20,INR,2026-06-18,netbanking,captured
TXN10474,ORD10474,CUST1074,23262.98,INR,2026-06-24,card,captured
TXN10475,ORD10475,CUST1075,5506.31,USD,2026-07-24,wallet,captured
TXN10476,ORD10476,CUST1076,20702.05,INR,2026-06-04,card,captured
TXN10477,ORD10477,CUST1077,36331.07,INR,2026-06-19,netbanking,captured
TXN10478,ORD10478,CUST1078,16417.74,INR,2026-07-21,card,captured
TXN10479,ORD10479,CUST1079,N/A,INR,2026-06-18,netbanking,captured
TXN10480,ORD10480,CUST1080,8517.16,USD,2026-06-25,upi,captured
TXN10481,ORD10481,CUST1081,72104.41,INR,2026-06-22,wallet,captured
TXN10482,ORD10482,CUST1082,34102.29,INR,2026-07-14,upi,captured
TXN10483,ORD10483,CUST1083,12501.06,INR,2026-07-19,card,captured
TXN10484,ORD10484,CUST1084,59288.81,INR,2026-07-18,netbanking,captured
TXN10485,ORD10485,CUST1085,53991.49,USD,2026-06-05,netbanking,captured
TXN10486,ORD10486,CUST1086,42446.71,INR,2026-06-21,card,captured
TXN10487,ORD10487,CUST1087,31634.31,INR,2026-06-02,card,captured
TXN10488,ORD10488,CUST1088,27354.37,INR,2026-07-27,netbanking,captured
TXN10489,ORD10489,CUST1089,63762.66,INR,2026-07-04,upi,captured
TXN10490,ORD10490,CUST1090,70319.94,INR,2026-06-13,wallet,captured
TXN10491,ORD10491,CUST1091,12155.53,INR,2026-07-28,card,captured
txn10492,ord10492,CUST1092,"₹39,891.80",USD,02-Jun-2026,card,captured
TXN10492B,ORD10492,CUST1092,39891.80,USD,2026-06-03,card,captured
TXN10493,ORD10493,CUST1093,15412.84,INR,2026-06-23,upi,captured
TXN10495,ORD10495,CUST1095,54363.37,USD,2026-06-04,upi,captured
TXN10496,ORD10496,CUST1096,51933.21,INR,2026-07-01,wallet,captured
TXN10497,ORD10497,CUST1097,52510.17,INR,2026-07-22,wallet,captured
TXN10498,ORD10498,CUST1098,47578.95,INR,2026-07-18,upi,captured
TXN10499,ORD10499,CUST1099,3746.19,INR,2026-06-16,card,captured
TXN10500,ORD10500,CUST1100,14101.62,INR,2026-07-22,netbanking,captured
TXN10501,ORD10501,CUST1101,5503.14,INR,2026-06-02,card,captured
TXN10501B,ORD10501,CUST1101,5503.14,INR,2026-06-03,netbanking,captured
TXN10502,ORD10502,CUST1102,29832.22,INR,2026-06-01,upi,captured
TXN10503,ORD10503,CUST1103,9249.31,INR,2026-07-12,card,captured
txn10504,ord10504,CUST1104,"₹39,023.26",USD,2026-07-14,netbanking,captured
TXN10505,ORD10505,CUST1105,37110.78,INR,2026-07-07,card,captured
TXN10505,ORD10505,CUST1105,37110.78,INR,2026-07-07,card,captured
TXN10506,ORD10506,CUST1106,8613.85,INR,2026-07-15,wallet,captured
TXN10507,ORD10507,CUST1107,43130.94,USD,2026-06-14,card,captured
TXN10508,ORD10508,CUST1108,53778.64,INR,2026-06-02,wallet,captured
TXN10509,ORD10509,CUST1109,70711.70,USD,2026-06-29,netbanking,captured
TXN10510,ORD10510,CUST1110,28733.68,INR,2026-06-11,wallet,captured
TXN10511,ORD10511,CUST1111,60291.41,INR,2026-06-01,upi,captured
TXN10512,ORD10512,CUST1112,229.64,INR,2026-07-20,card,captured
TXN10513,ORD10513,CUST1113,61925.57,INR,2026-06-21,card,captured
TxN10514,OrD10514,CUST1114,"12,167.43",INR,04-Jul-2026,card,captured
TXN10515,ORD10515,CUST1115,53600.71,INR,2026-06-28,upi,captured
TXN10516,ORD10516,CUST1116,51547.23,USD,2026-07-15,wallet,captured
TXN10517,ORD10517,CUST1117,72048.32,INR,2026-06-06,netbanking,captured
txn10519,ord10519,CUST1119,"54,746.91",INR,2026-07-05,wallet,captured
TXN10520,ORD10520,CUST1120,30729.84,INR,2026-07-15,card,captured
TXN10521,ORD10521,CUST1121,62438.24,INR,2026-06-02,card,captured
TXN10521,ORD10521,CUST1121,62438.24,INR,2026-06-02,card,captured
TXN10522,ORD10522,CUST1122,20895.92,INR,2026-06-01,card,captured
TXN10523,ORD10523,CUST1123,23466.66,USD,2026-06-17,card,captured
TXN10524,ORD10524,CUST1124,48951.87,INR,2026-07-07,netbanking,captured
TXN10525,ORD10525,CUST1125,70210.46,INR,2026-06-23,upi,captured
TXN10526,ORD10526,CUST1126,27849.13,INR,2026-06-11,upi,captured
TXN10527,ORD10527,CUST1127,69925.90,INR,2026-06-02,upi,captured
TXN10528,ORD10528,CUST1128,48142.75,INR,2026-07-01,card,captured
TXN10529,ORD10529,CUST1129,17687.50,INR,2026-06-02,card,captured
TXN10530,ORD10530,CUST1130,7120.65,INR,2026-06-08,upi,captured
TXN10531,ORD10531,CUST1131,8961.45,INR,2026-06-05,upi,captured
TXN10532,ORD10532,CUST1132,5456.62,INR,2026-06-15,wallet,captured
TXN10533,ORD10533,CUST1133,39410.54,INR,2026-06-16,netbanking,captured
TXN10534,ORD10534,CUST1134,35853.50,INR,2026-06-30,upi,captured
TXN10535,ORD10535,CUST1135,7435.06,INR,2026-06-18,card,captured
  TXN10536  ,  ORD10536  ,CUST1136,"₹19,373.31",INR,03-Jul-2026,card,captured
TXN10537,ORD10537,CUST1137,10963.19,INR,2026-07-22,card,captured
TXN10538,ORD10538,CUST1138,52512.48,INR,2026-06-02,card,captured
TXN10539,ORD10539,CUST1139,21459.34,INR,2026-06-09,netbanking,captured
TXN10540,ORD10540,CUST1140,30209.20,INR,2026-07-14,wallet,captured
TXN10541,ORD10541,CUST1141,28091.06,INR,2026-07-25,upi,captured
TXN10542,ORD10542,CUST1142,62560.58,INR,2026-06-13,netbanking,captured
TXN10542,ORD10542,CUST1142,62560.58,INR,2026-06-13,netbanking,captured
TxN10544,OrD10544,CUST1144,17958.63 INR,INR,24-Jul-2026,wallet,captured
TXN10545,ORD10545,CUST1145,72022.74,INR,2026-06-10,upi,captured
TXN10546,ORD10546,CUST1146,12664.31,INR,2026-06-28,wallet,captured
TXN10547,ORD10547,CUST1147,64530.53,INR,2026-07-18,wallet,captured
TXN10548,ORD10548,CUST1148,68616.72,INR,2026-06-07,card,captured
TXN10549,ORD10549,CUST1149,31564.50,INR,2026-07-04,card,captured
TXN10550,ORD10550,CUST1150,49393.37,INR,2026-07-08,upi,captured
TXN10551,ORD10551,CUST1151,67325.93,USD,2026-07-07,netbanking,captured
TXN10552,ORD10552,CUST1152,71727.01,INR,2026-06-17,card,captured
TXN10553,ORD10553,CUST1153,16003.84,INR,2026-06-21,wallet,captured
TXN10554,ORD10554,CUST1154,34966.30,INR,2026-06-21,wallet,captured
TXN10555,ORD10555,CUST1155,30742.96,USD,2026-06-09,netbanking,captured
TXN10556,ORD10556,CUST1156,57539.38,INR,2026-06-09,netbanking,captured
TXN10557,ORD10557,CUST1157,10286.10,USD,2026-06-26,wallet,captured
TXN10558,ORD10558,CUST1158,43314.25,INR,2026-06-23,netbanking,captured
TXN10559,ORD10559,CUST1159,52014.55,INR,2026-07-14,netbanking,captured
TXN10560,ORD10560,CUST1160,62681.93,INR,2026-07-12,upi,captured
TXN10561,ORD10561,CUST1161,12339.24,INR,2026-06-05,card,captured
TXN10562,ORD10562,CUST1162,N/A,USD,2026-07-06,card,captured
TXN10563,ORD10563,CUST1163,394.77,INR,2026-06-15,upi,captured
TXN10564,ORD10564,CUST1164,6277.23,INR,2026-06-06,netbanking,captured
TXN10565,ORD10565,CUST1165,24079.93,INR,2026-06-27,netbanking,captured
TXN10567,ORD10567,CUST1167,25693.22,INR,2026-07-02,card,captured
TXN10568,ORD10568,CUST1168,22206.28,INR,2026-06-02,wallet,captured
TXN10568,ORD10568,CUST1168,22206.28,INR,2026-06-02,wallet,captured
TXN10569,ORD10569,CUST1169,11503.51,USD,2026-07-21,upi,captured
TXN10569B,ORD10569,CUST1169,11503.51,USD,2026-07-22,wallet,captured
TXN10570,ORD10570,CUST1170,32716.82,USD,2026-06-01,card,captured
TXN10571,ORD10571,CUST1171,31818.37,USD,2026-07-05,upi,captured
TXN10573,ORD10573,CUST1173,15427.36,INR,2026-06-20,upi,captured
TXN10575,ORD10575,CUST1175,23727.58,INR,2026-07-17,netbanking,captured
TXN10575,ORD10575,CUST1175,23727.58,INR,2026-07-17,netbanking,captured
TXN10576,ORD10576,CUST1176,24444.78,INR,2026-06-16,upi,captured
TXN10577,ORD10577,CUST1177,24111.44,INR,2026-07-21,netbanking,captured
  TXN10578  ,  ORD10578  ,CUST1178,39741.70,INR,20-Jul-2026,wallet,captured
TXN10579,ORD10579,CUST1179,abc,INR,2026-07-01,netbanking,captured
TXN10580,ORD10580,CUST1180,46443.98,INR,2026-06-07,netbanking,captured
TXN10581,ORD10581,CUST1181,9758.51,USD,2026-06-30,card,captured
TXN10582,ORD10582,CUST1182,39033.45,INR,2026-06-10,card,captured
TxN10583,OrD10583,CUST1183,39799.01,INR,15/07/2026,upi,captured
  TXN10584  ,  ORD10584  ,CUST1184,72884.04,INR,08-Jun-2026,upi,captured
txn10585,ord10585,CUST1185,68671.95 INR,INR,02/07/2026,card,captured
TXN10585B,ORD10585,CUST1185,68671.95,INR,2026-07-03,upi,captured
TXN10586,ORD10586,CUST1186,4323.00,INR,2026-06-01,card,captured
TXN10587,ORD10587,CUST1187,17171.39,INR,2026-06-21,netbanking,captured
TXN10588,ORD10588,CUST1188,26530.77,USD,2026-06-25,card,captured
TXN10589,ORD10589,CUST1189,56693.45,USD,2026-06-16,card,captured
TXN10590,ORD10590,CUST1190,60994.82,INR,2026-06-17,wallet,captured
TXN10591,ORD10591,CUST1191,40480.33,INR,2026-06-22,upi,captured
TXN10592,ORD10592,CUST1192,48969.11,USD,2026-06-04,wallet,captured
TXN10593,ORD10593,CUST1193,54735.17,INR,2026-06-24,netbanking,captured
txn10594,ord10594,CUST1194,"27,815.13",INR,10-Jul-2026,wallet,captured
TXN10595,ORD10595,CUST1195,35338.49,USD,2026-07-28,netbanking,captured
TXN10595B,ORD10595,CUST1195,35338.49,USD,2026-07-29,card,captured
TXN10596,ORD10596,CUST1196,33515.60,INR,2026-06-01,upi,captured
TXN10597,ORD10597,CUST1197,27309.66,USD,2026-07-13,card,captured
TXN10598,ORD10598,CUST1198,32483.95,USD,2026-07-16,upi,captured
  TXN10599  ,  ORD10599  ,CUST1199,"₹59,186.28",USD,23/06/2026,netbanking,captured
  TXN10599  ,  ORD10599  ,CUST1199,"₹59,186.28",USD,23/06/2026,netbanking,captured
TXN10600,ORD10600,CUST1200,22702.11,INR,2026-06-22,wallet,captured
TXN10601,ORD10601,CUST1201,50166.40,INR,2026-06-10,upi,captured
TXN10602,ORD10602,CUST1202,65933.81,USD,2026-06-08,card,captured
TXN10603,ORD10603,CUST1203,67611.87,INR,2026-07-25,upi,captured
TXN10604,ORD10604,CUST1204,42041.36,INR,2026-06-10,card,captured
TXN10605,ORD10605,CUST1205,51598.93,USD,2026-07-09,wallet,captured
TXN10606,ORD10606,CUST1206,60221.15,INR,2026-07-28,upi,captured
TXN10607,ORD10607,CUST1207,17483.11,INR,2026-07-23,upi,captured
TXN10608,ORD10608,CUST1208,53435.25,INR,2026-07-16,wallet,captured
TXN10608B,ORD10608,CUST1208,53435.25,INR,2026-07-17,wallet,captured
TXN10609,ORD10609,CUST1209,33252.65,INR,2026-06-06,wallet,captured
TXN10610,ORD10610,CUST1210,12952.63,INR,2026-06-14,upi,captured
TXN10611,ORD10611,CUST1211,65208.91,INR,2026-06-23,upi,captured
TXN10612,ORD10612,CUST1212,6465.30,INR,2026-06-13,netbanking,captured
TXN10613,ORD10613,CUST1213,63010.68,INR,2026-07-20,netbanking,captured
TXN10614,ORD10614,CUST1214,35439.99,INR,2026-07-03,card,captured
txn10615,ord10615,CUST1215,72527.84 INR,INR,06-26-2026,wallet,captured
TXN10616,ORD10616,CUST1216,63727.47,INR,2026-07-17,wallet,captured
TXN10617,ORD10617,CUST1217,11819.56,INR,2026-07-12,upi,captured
TXN10618,ORD10618,CUST1218,50871.09,INR,2026-06-26,upi,captured
TXN10619,ORD10619,CUST1219,41437.74,USD,2026-07-12,card,captured
TXN10620,ORD10620,CUST1220,33116.90,INR,2026-06-18,netbanking,captured
txn10621,ord10621,CUST1221,47973.79 INR,INR,2026-07-01,netbanking,captured
TXN10622,ORD10622,CUST1222,12100.78,INR,2026-07-15,upi,captured
TXN10623,ORD10623,CUST1223,11102.08,INR,2026-06-15,card,captured
TXN10624,ORD10624,CUST1224,71025.89,INR,2026-07-06,upi,captured
TXN10625,ORD10625,CUST1225,56128.94,INR,2026-07-25,upi,captured
TXN10626,ORD10626,CUST1226,2953.42,INR,2026-06-04,netbanking,captured
txn10627,ord10627,CUST1227,0,INR,11/06/2026,netbanking,captured
TXN10629,ORD10629,CUST1229,66972.15,INR,2026-07-21,card,captured
txn10630,ord10630,CUST1230,"₹46,703.19",USD,28-Jul-2026,wallet,captured
TXN10631,ORD10631,CUST1231,13210.93,INR,2026-06-25,card,captured
TXN10632,ORD10632,CUST1232,42784.08,INR,2026-07-17,wallet,captured
TXN10633,ORD10633,CUST1233,23794.26,INR,2026-06-25,upi,captured
TXN10634,ORD10634,CUST1234,74309.61,INR,2026-07-15,netbanking,captured
TXN10635,ORD10635,CUST1235,43063.43,INR,2026-07-05,card,captured
TXN10636,ORD10636,CUST1236,32163.93,INR,2026-06-06,wallet,captured
TxN10637,OrD10637,CUST1237,"₹44,213.63",INR,09-Jun-2026,wallet,captured
TXN10638,ORD10638,CUST1238,62590.97,INR,2026-06-20,netbanking,captured
TXN10639,ORD10639,CUST1239,70736.75,USD,2026-07-04,netbanking,captured
TXN10640,ORD10640,CUST1240,51288.72,INR,2026-07-15,upi,captured
TXN10641,ORD10641,CUST1241,45183.86,INR,2026-07-26,upi,captured
TXN10642,ORD10642,CUST1242,64357.03,INR,2026-06-17,wallet,captured
TXN10643,ORD10643,CUST1243,63869.45,INR,2026-07-28,wallet,captured
TXN10644,ORD10644,CUST1244,25807.62,INR,2026-07-30,card,captured
TXN10645,ORD10645,CUST1245,19541.42,INR,2026-06-04,netbanking,captured
TXN10646,ORD10646,CUST1246,40018.57,INR,2026-07-25,wallet,captured
TXN10647,ORD10647,CUST1247,55879.98,INR,2026-06-15,upi,captured
TXN10648,ORD10648,CUST1248,51322.08,USD,2026-07-06,upi,captured
TXN10649,ORD10649,CUST1249,42285.14,INR,2026-06-07,netbanking,captured
TXN10649,ORD10649,CUST1249,42285.14,INR,2026-06-07,netbanking,captured
TXN10650,ORD10650,CUST1250,27639.08,INR,2026-06-08,netbanking,captured
TXN10651,ORD10651,CUST1251,41106.37,USD,2026-06-21,wallet,captured
TXN10652,ORD10652,CUST1252,47248.07,INR,2026-07-07,netbanking,captured
TXN10653,ORD10653,CUST1253,40788.34,INR,2026-07-26,upi,captured
TXN10654,ORD10654,CUST1254,22051.30,INR,2026-07-16,card,captured
TXN10655,ORD10655,CUST1255,41531.69,INR,2026-06-14,upi,captured
TXN10657,ORD10657,CUST1257,73121.49,INR,2026-06-06,card,captured
TXN10658,ORD10658,CUST1258,67699.48,INR,2026-07-08,upi,captured
TXN10659,ORD10659,CUST1259,15871.73,INR,2026-06-08,netbanking,captured
TXN10660,ORD10660,CUST1260,5139.38,INR,2026-07-24,netbanking,captured
TxN10661,OrD10661,CUST1261,"₹27,380.61",INR,13-Jul-2026,wallet,captured
TXN10662,ORD10662,CUST1262,10710.60,USD,2026-06-11,card,captured
TXN10663,ORD10663,CUST1263,42576.45,USD,2026-06-07,card,captured
TXN10664,ORD10664,CUST1264,31757.45,INR,2026-06-16,netbanking,captured
TXN10665,ORD10665,CUST1265,44214.28,INR,2026-06-28,upi,captured
TXN10665,ORD10665,CUST1265,44214.28,INR,2026-06-28,upi,captured
TXN10666,ORD10666,CUST1266,74085.69,INR,2026-06-16,upi,captured
TXN10667,ORD10667,CUST1267,56611.18,INR,2026-06-22,netbanking,captured
TXN10668,ORD10668,CUST1268,18404.33,INR,2026-06-10,card,captured
txn10669,ord10669,CUST1269,"69,635.15",INR,2026-07-08,netbanking,captured
TXN10670,ORD10670,CUST1270,30391.74,USD,2026-06-15,wallet,captured
TXN10671,ORD10671,CUST1271,367.34,INR,2026-06-15,wallet,captured
TXN10672,ORD10672,CUST1272,74539.63,INR,2026-06-22,netbanking,captured
TXN10673,ORD10673,CUST1273,31301.68,INR,2026-07-25,card,captured
TXN10674,ORD10674,CUST1274,74296.48,INR,2026-07-29,wallet,captured
TXN10675,ORD10675,CUST1275,50269.86,INR,2026-07-02,card,captured
TXN10676,ORD10676,CUST1276,10683.26,INR,2026-07-01,card,captured
TXN10679,ORD10679,CUST1279,32901.73,INR,2026-06-01,wallet,captured
TXN10680,ORD10680,CUST1280,49461.30,INR,2026-06-17,wallet,captured
TXN10681,ORD10681,CUST1281,371.33,INR,2026-06-03,netbanking,captured
TXN10682,ORD10682,CUST1282,64896.77,USD,2026-07-08,upi,captured
TXN10683,ORD10683,CUST1283,20878.54,USD,2026-07-03,wallet,captured
TXN10684,ORD10684,CUST1284,3366.25,INR,2026-06-19,wallet,captured
TXN10684,ORD10684,CUST1284,3366.25,INR,2026-06-19,wallet,captured
TXN10685,ORD10685,CUST1285,18747.30,INR,2026-07-30,netbanking,captured
TXN10687,ORD10687,CUST1287,53222.90,INR,2026-06-30,upi,captured
TXN10688,ORD10688,CUST1288,49128.87,INR,2026-07-14,card,captured
  TXN10689  ,  ORD10689  ,CUST1289,25698.22 INR,INR,27/06/2026,netbanking,captured
TXN10690,ORD10690,CUST1290,31649.98,INR,2026-06-21,upi,captured
TXN10691,ORD10691,CUST1291,69163.35,INR,2026-07-25,upi,captured
TXN10692,ORD10692,CUST1292,14503.40,INR,2026-07-20,card,captured
TXN10693,ORD10693,CUST1293,29871.14,USD,2026-07-09,wallet,captured
TXN10694,ORD10694,CUST1294,58677.87,INR,2026-07-18,netbanking,captured
TXN10694,ORD10694,CUST1294,58677.87,INR,2026-07-18,netbanking,captured
TXN10695,ORD10695,CUST1295,46880.01,INR,2026-06-13,upi,captured
TXN10696,ORD10696,CUST1296,17577.19,INR,2026-07-08,card,captured
TxN10697,OrD10697,CUST1297,"48,365.38",USD,09/07/2026,wallet,captured
TXN10698,ORD10698,CUST1298,18104.37,INR,2026-07-25,upi,captured
TXN10699,ORD10699,CUST1299,39024.41,INR,2026-07-06,wallet,captured
TXN10700,ORD10700,CUST1300,49787.64,INR,2026-06-30,wallet,captured
TXN10701,ORD10701,CUST1301,59993.50,INR,2026-06-07,wallet,captured
TXN10702,ORD10702,CUST1302,34692.99,INR,2026-06-14,card,captured
TXN10703,ORD10703,CUST1303,32500.90,INR,2026-07-03,netbanking,captured
TXN10704,ORD10704,CUST1304,7605.60,INR,2026-07-04,upi,captured
TXN10705,ORD10705,CUST1305,63607.71,INR,2026-07-09,netbanking,captured
TXN10706,ORD10706,CUST1306,63267.54,INR,2026-06-24,netbanking,captured
  TXN10707  ,  ORD10707  ,CUST1307,"25,462.72",INR,27-Jun-2026,card,captured
TXN10708,ORD10708,CUST1308,59268.25,INR,2026-06-30,card,captured
TXN10709,ORD10709,CUST1309,66568.20,INR,2026-06-21,wallet,captured
TXN10711,ORD10711,CUST1311,10298.51,USD,2026-07-10,netbanking,captured
TXN10712,ORD10712,CUST1312,10137.49,USD,2026-07-01,netbanking,captured
TXN10713,ORD10713,CUST1313,41009.43,INR,2026-07-10,upi,captured
TXN10714,ORD10714,CUST1314,42544.74,INR,2026-07-19,upi,captured
TxN10715,OrD10715,CUST1315,"6,151.05",INR,07-10-2026,card,captured
TXN10716,ORD10716,CUST1316,17975.31,USD,2026-06-12,netbanking,captured
TXN10717,ORD10717,CUST1317,25309.33,INR,2026-06-05,card,captured
TXN10718,ORD10718,CUST1318,50401.45,INR,2026-06-20,upi,captured
TXN10719,ORD10719,CUST1319,41524.11,INR,2026-06-01,upi,captured
TXN10720,ORD10720,CUST1320,71177.99,INR,2026-07-13,upi,captured
TXN10721,ORD10721,CUST1321,58976.38,INR,2026-06-30,upi,captured
TXN10722,ORD10722,CUST1322,18659.19,USD,2026-07-15,card,captured
TXN10723,ORD10723,CUST1323,34666.17,INR,2026-06-23,netbanking,captured
TXN10724,ORD10724,CUST1324,26122.84,INR,2026-07-17,upi,captured
TXN10725,ORD10725,CUST1325,68898.90,INR,2026-07-01,upi,captured
TXN10726,ORD10726,CUST1326,26561.74,INR,2026-07-22,netbanking,captured
TXN10727,ORD10727,CUST1327,21214.33,INR,2026-07-08,wallet,captured
TXN10728,ORD10728,CUST1328,59504.84,INR,2026-06-09,upi,captured
TXN10729,ORD10729,CUST1329,58998.72,INR,2026-07-14,wallet,captured
TXN10730,ORD10730,CUST1330,30954.62,INR,2026-07-03,wallet,captured
TXN10731,ORD10731,CUST1331,7571.96,INR,2026-07-17,wallet,captured
TXN10732,ORD10732,CUST1332,33031.37,INR,2026-07-03,upi,captured
TXN10733,ORD10733,CUST1333,7733.40,USD,2026-06-28,netbanking,captured
TXN10733,ORD10733,CUST1333,N/A,USD,2026-06-28,netbanking,captured
TXN10734,ORD10734,CUST1334,17196.79,USD,2026-07-07,card,captured
TXN10735,ORD10735,CUST1335,51876.19,INR,2026-06-10,card,captured
TXN10735B,ORD10735,CUST1335,51876.19,INR,2026-06-11,card,captured
TXN10736,ORD10736,CUST1336,18705.97,INR,2026-06-06,netbanking,captured
TXN10736B,ORD10736,CUST1336,18705.97,INR,2026-06-07,netbanking,captured
TXN10737,ORD10737,CUST1337,22579.18,INR,2026-06-30,wallet,captured
TXN10739,ORD10739,CUST1339,48888.17,INR,2026-07-05,card,captured
TXN10740,ORD10740,CUST1340,-500.00,INR,2026-07-08,wallet,captured
TXN10740B,ORD10740,CUST1340,50790.99,INR,2026-07-09,wallet,captured
TXN10741,ORD10741,CUST1341,15911.14,INR,2026-06-04,upi,captured
TXN10742,ORD10742,CUST1342,6080.92,INR,2026-06-24,card,captured
TXN10743,ORD10743,CUST1343,47439.99,INR,2026-07-24,netbanking,captured
TXN10743B,ORD10743,CUST1343,47439.99,INR,2026-07-25,upi,captured
txn10744,ord10744,CUST1344,48231.78,INR,13-Jul-2026,netbanking,captured
TXN10745,ORD10745,CUST1345,3325.14,INR,2026-06-19,upi,captured
  TXN10746  ,  ORD10746  ,CUST1346,74667.65 INR,INR,20/06/2026,wallet,captured
TXN10747,ORD10747,CUST1347,34851.76,USD,2026-07-02,wallet,captured
TXN10748,ORD10748,CUST1348,24200.69,INR,2026-07-12,netbanking,captured
TXN10749,ORD10749,CUST1349,48910.40,INR,2026-06-17,wallet,captured
TXN10750,ORD10750,CUST1350,27168.64,INR,2026-07-09,netbanking,captured
TxN10751,OrD10751,CUST1351,1347.84 INR,USD,06-Jun-2026,card,captured
  TXN10752  ,  ORD10752  ,CUST1352,"59,904.50",INR,2026-06-06,card,captured
TXN10753,ORD10753,CUST1353,43989.45,INR,2026-06-21,card,captured
TXN10754,ORD10754,CUST1354,22967.94,INR,2026-06-04,card,captured
TXN10755,ORD10755,CUST1355,44111.81,INR,2026-07-17,netbanking,captured
TXN10756,ORD10756,CUST1356,1702.01,INR,2026-06-30,netbanking,captured
TXN10757,ORD10757,CUST1357,6508.01,USD,2026-07-22,netbanking,captured
TXN10758,ORD10758,CUST1358,62455.38,USD,2026-06-19,wallet,captured
TXN10759,ORD10759,CUST1359,73580.97,USD,2026-07-28,wallet,captured
TXN10760,ORD10760,CUST1360,10204.90,INR,2026-07-06,card,captured
TXN10760B,ORD10760,CUST1360,10204.90,INR,2026-07-07,upi,captured
TXN10761,ORD10761,CUST1361,19507.57,INR,2026-07-10,upi,captured
txn10762,ord10762,CUST1362,22596.94,INR,2026-07-22,upi,captured
TXN10763,ORD10763,CUST1363,49413.88,INR,2026-06-26,upi,captured
TXN10765,ORD10765,CUST1365,45142.44,INR,2026-07-22,upi,captured
TXN10766,ORD10766,CUST1366,66921.69,INR,2026-07-04,card,captured
TXN10767,ORD10767,CUST1367,53806.51,INR,2026-06-15,netbanking,captured
TXN10767B,ORD10767,CUST1367,53806.51,INR,2026-06-16,netbanking,captured
TXN10768,ORD10768,CUST1368,29672.26,INR,2026-06-01,wallet,captured
TXN10769,ORD10769,CUST1369,58998.31,INR,2026-06-07,netbanking,captured
TXN10770,ORD10770,CUST1370,7555.72,USD,2026-07-16,,captured
TXN10771,ORD10771,CUST1371,16048.58,INR,2026-06-04,card,captured
TXN10772,ORD10772,CUST1372,60738.40,USD,2026-07-15,wallet,captured
TXN10773,ORD10773,CUST1373,20012.11,INR,2026-06-26,netbanking,captured
TXN10774,ORD10774,CUST1374,60953.33,INR,2026-07-07,netbanking,captured
TXN10775,ORD10775,CUST1375,25063.10,INR,2026-07-16,netbanking,captured
TXN10776,ORD10776,CUST1376,58363.07,INR,2026-06-29,netbanking,captured
TXN10778,ORD10778,CUST1378,10267.05,INR,2026-07-02,netbanking,captured
TXN10779,ORD10779,CUST1379,59504.21,INR,2026-07-11,card,captured
TXN10779B,ORD10779,CUST1379,59504.21,INR,2026-07-12,card,captured
TXN10780,ORD10780,CUST1380,33995.91,INR,2026-06-02,card,captured
TxN10781,OrD10781,CUST1381,63747.58 INR,INR,07-20-2026,wallet,captured
  TXN10782  ,  ORD10782  ,CUST1382,16691.43,INR,01-Jun-2026,wallet,captured
TXN10783,ORD10783,CUST1383,46590.97,INR,2026-06-05,card,captured
TXN10784,ORD10784,CUST1384,49428.71,INR,2026-07-02,card,captured
TXN10784B,ORD10784,CUST1384,49428.71,INR,2026-07-03,wallet,captured
TXN10785,ORD10785,CUST1385,3527.83,INR,2026-07-27,card,captured
txn10786,ord10786,CUST1386,"₹43,315.00",INR,06-25-2026,netbanking,captured
TxN10787,OrD10787,CUST1387,"59,943.00",USD,13-Jul-2026,netbanking,captured
TXN10788,ORD10788,CUST1388,2413.53,INR,2026-07-12,wallet,captured
TXN10789,ORD10789,CUST1389,73463.65,USD,2026-07-20,card,captured
TXN10790,ORD10790,CUST1390,11600.49,INR,2026-06-29,netbanking,captured
TXN10791,ORD10791,CUST1391,4025.98,INR,2026-06-08,wallet,captured
TXN10792,ORD10792,CUST1392,24548.23,INR,2026-06-05,netbanking,captured
TXN10793,ORD10793,CUST1393,43572.76,INR,2026-06-08,upi,captured
TXN10794,ORD10794,CUST1394,66558.90,INR,2026-06-10,card,captured
TXN10795,ORD10795,CUST1395,67385.50,INR,2026-06-12,netbanking,captured
TXN10796,ORD10796,CUST1396,52993.57,INR,2026-06-26,wallet,captured
TXN10797,ORD10797,CUST1397,40754.89,USD,2026-06-09,upi,captured
TXN10798,ORD10798,CUST1398,50522.32,INR,2026-06-08,card,captured
TXN10799,ORD10799,CUST1399,55581.75,INR,2026-07-29,upi,captured
TXN10800,ORD10800,CUST1000,26240.37,INR,2026-07-27,card,captured
TXN10801,ORD10801,CUST1001,6351.22,INR,2026-06-16,wallet,captured
TXN10802,ORD10802,CUST1002,2427.87,INR,2026-06-22,wallet,captured
TXN10803,ORD10803,CUST1003,27223.59,USD,2026-07-25,netbanking,captured
TXN10804,ORD10804,CUST1004,55465.56,INR,2026-06-14,upi,captured
TxN10805,OrD10805,CUST1005,"₹28,550.60",INR,29-Jul-2026,wallet,captured
TXN10806,ORD10806,CUST1006,32489.95,USD,2026-06-01,netbanking,captured
TXN10807,ORD10807,CUST1007,41826.38,INR,2026-07-17,upi,captured
TXN10808,ORD10808,CUST1008,N/A,USD,2026-06-21,wallet,captured
TXN10809,ORD10809,CUST1009,13078.48,INR,2026-06-17,wallet,captured
TXN10810,ORD10810,CUST1010,63602.71,INR,2026-07-23,upi,captured
TXN10811,ORD10811,CUST1011,74669.77,INR,2026-07-17,card,captured
TXN10811B,ORD10811,CUST1011,74669.77,INR,2026-07-18,upi,captured
TXN10812,ORD10812,CUST1012,28204.64,INR,2026-06-27,wallet,captured
txn10813,ord10813,CUST1013,29247.10,INR,15-Jun-2026,netbanking,captured
TXN10814,ORD10814,CUST1014,23724.22,INR,2026-07-02,wallet,captured
TXN10815,ORD10815,CUST1015,49650.16,INR,2026-07-23,card,captured
TXN10816,ORD10816,CUST1016,58543.90,INR,2026-06-29,card,captured
TXN10817,ORD10817,CUST1017,13043.36,INR,2026-06-14,netbanking,captured
TXN10818,ORD10818,CUST1018,41544.10,INR,2026-07-12,card,captured
TXN10819,ORD10819,CUST1019,64605.77,INR,2026-06-26,wallet,captured
TXN10820,ORD10820,CUST1020,35133.23,INR,2026-06-11,netbanking,captured
TXN10821,ORD10821,CUST1021,57213.42,INR,2026-06-05,netbanking,captured
TXN10822,ORD10822,CUST1022,41663.10,INR,2026-06-25,card,captured
TXN10823,ORD10823,CUST1023,58715.66,INR,2026-07-17,upi,captured
TXN10824,ORD10824,CUST1024,42122.69,INR,2026-07-01,wallet,captured
TXN10824B,ORD10824,CUST1024,42122.69,INR,2026-07-02,card,captured
TXN10825,ORD10825,CUST1025,40940.82,USD,2026-06-25,wallet,captured
TXN10826,ORD10826,CUST1026,44894.39,USD,2026-06-14,upi,captured
TXN10827,ORD10827,CUST1027,52168.31,INR,2026-06-19,wallet,captured
TXN10827,ORD10827,CUST1027,52168.31,INR,2026-06-19,wallet,captured
TXN10828,ORD10828,CUST1028,21451.25,INR,2026-07-02,upi,captured
TXN10829,ORD10829,CUST1029,25788.44,INR,2026-06-07,upi,captured
  TXN10830  ,  ORD10830  ,CUST1030,"31,103.56",INR,2026-06-19,netbanking,captured
TXN10831,ORD10831,CUST1031,57389.08,INR,2026-07-14,netbanking,captured
TXN10832,ORD10832,CUST1032,16746.88,INR,2026-06-15,wallet,captured
TXN10833,ORD10833,CUST1033,54743.01,INR,2026-07-12,netbanking,captured
TXN10834,ORD10834,CUST1034,8840.49,INR,2026-06-24,wallet,captured
TXN10835,ORD10835,CUST1035,69348.46,USD,2026-07-02,card,captured
TXN10836,ORD10836,CUST1036,59366.10,USD,2026-07-06,upi,captured
TXN10837,ORD10837,CUST1037,51761.97,USD,2026-06-16,card,captured
TXN10838,ORD10838,CUST1038,9892.60,INR,2026-07-14,wallet,captured
TXN10839,ORD10839,CUST1039,14505.25,INR,2026-07-11,wallet,captured
TXN10840,ORD10840,CUST1040,3184.63,INR,2026-06-18,upi,captured
TXN10841,ORD10841,CUST1041,46762.52,USD,2026-07-26,netbanking,captured
TXN10842,ORD10842,CUST1042,25411.59,INR,2026-06-26,,captured
TXN10842,ORD10842,CUST1042,25411.59,INR,2026-06-26,card,captured
TXN10843,ORD10843,CUST1043,15006.40,INR,2026-07-03,wallet,captured
TXN10844,ORD10844,CUST1044,57366.95,USD,2026-06-22,netbanking,captured
TXN10845,ORD10845,CUST1045,30853.14,INR,2026-07-19,wallet,captured
TXN10846,ORD10846,CUST1046,60945.27,INR,2026-06-20,upi,captured
TXN10846B,ORD10846,CUST1046,60945.27,INR,2026-06-21,card,captured
TXN10847,ORD10847,CUST1047,64455.54,INR,2026-07-14,card,captured
  TXN10848  ,  ORD10848  ,CUST1048,52837.55,USD,17-Jul-2026,netbanking,captured
TXN10849,ORD10849,CUST1049,74611.93,INR,2026-07-18,card,captured
TXN10850,ORD10850,CUST1050,20295.92,USD,2026-07-02,card,captured
TXN10851,ORD10851,CUST1051,38002.49,INR,2026-06-07,card,captured
TXN10852,ORD10852,CUST1052,13203.75,INR,2026-07-20,upi,captured
TXN10852B,ORD10852,CUST1052,13203.75,INR,2026-07-21,netbanking,captured
TXN10853,ORD10853,CUST1053,6466.84,INR,2026-06-08,card,captured
TXN10854,ORD10854,CUST1054,13816.37,USD,2026-07-04,netbanking,captured
TXN10855,ORD10855,CUST1055,9385.51,INR,2026-06-27,wallet,captured
TXN10856,ORD10856,CUST1056,56915.71,INR,2026-06-20,upi,captured
TXN10857,ORD10857,CUST1057,34835.72,USD,2026-07-01,upi,captured
TXN10858,ORD10858,CUST1058,33122.69,INR,2026-06-08,upi,captured
TxN10859,OrD10859,CUST1059,49234.33,INR,2026-07-08,upi,captured
TXN10860,ORD10860,CUST1060,29395.80,USD,2026-06-28,card,captured
TXN10861,ORD10861,CUST1061,54139.55,INR,2026-06-26,card,captured
TXN10862,ORD10862,CUST1062,42437.04,INR,2026-06-10,netbanking,captured
TXN10863,ORD10863,CUST1063,68243.87,INR,2026-07-29,upi,captured
TXN10863B,ORD10863,CUST1063,68243.87,INR,2026-07-30,wallet,captured
TXN10864,ORD10864,CUST1064,29120.35,INR,2026-06-15,netbanking,captured
TXN10864B,ORD10864,CUST1064,29120.35,INR,2026-06-16,wallet,captured
TXN10865,ORD10865,CUST1065,72611.82,INR,2026-06-28,wallet,captured
TXN10866,ORD10866,CUST1066,59135.43,INR,2026-07-30,card,captured
TXN10867,ORD10867,CUST1067,18793.49,INR,2026-07-30,upi,captured
TxN10868,OrD10868,CUST1068,"43,012.19",INR,06-21-2026,card,captured
TXN10869,ORD10869,CUST1069,25759.12,USD,2026-06-03,upi,captured
TXN10870,ORD10870,CUST1070,46416.72,USD,2026-07-28,netbanking,captured
TXN10871,ORD10871,CUST1071,22059.31,INR,2026-07-15,upi,captured
TXN10872,ORD10872,CUST1072,9963.98,INR,2026-06-14,netbanking,captured
TXN10873,ORD10873,CUST1073,11692.17,INR,2026-06-24,netbanking,captured
TXN10874,ORD10874,CUST1074,51178.28,INR,2026-06-25,upi,captured
TXN10874B,ORD10874,CUST1074,51178.28,INR,2026-06-26,wallet,captured
TXN10875,ORD10875,CUST1075,39547.02,USD,2026-06-14,netbanking,captured
txn10876,ord10876,CUST1076,14065.34 INR,INR,17-Jun-2026,netbanking,captured
TXN10877,ORD10877,CUST1077,49078.57,USD,2026-06-08,netbanking,captured
TXN10878,ORD10878,CUST1078,64920.27,USD,2026-06-13,netbanking,captured
TXN10879,ORD10879,CUST1079,19279.58,INR,2026-07-25,netbanking,captured
TXN10880,ORD10880,CUST1080,56008.59,INR,2026-07-31,netbanking,captured
TXN10881,ORD10881,CUST1081,45795.32,INR,2026-06-15,wallet,captured
TXN10882,ORD10882,CUST1082,49105.23,INR,2026-06-22,upi,captured
TXN10883,ORD10883,CUST1083,38347.56,USD,2026-06-12,upi,captured
TXN10884,ORD10884,CUST1084,38584.11,INR,2026-07-01,wallet,captured
TXN10885,ORD10885,CUST1085,58665.06,INR,2026-06-09,card,captured
TXN10885B,ORD10885,CUST1085,58665.06,INR,2026-06-10,upi,captured
TXN10886,ORD10886,CUST1086,48694.80,INR,2026-07-05,upi,captured
TXN10887,ORD10887,CUST1087,30246.76,INR,2026-06-09,netbanking,captured
txn10888,ord10888,CUST1088,27799.91,INR,2026-07-21,card,captured
TXN10889,ORD10889,CUST1089,40412.15,INR,2026-06-07,wallet,captured
TXN10890,ORD10890,CUST1090,10994.32,INR,2026-07-19,netbanking,captured
TXN10891,ORD10891,CUST1091,69304.93,INR,2026-06-30,netbanking,captured
TXN10891B,ORD10891,CUST1091,69304.93,INR,2026-07-01,card,captured
TXN10892,ORD10892,CUST1092,66215.80,INR,2026-06-23,netbanking,captured
TXN10893,ORD10893,CUST1093,27251.69,USD,2026-06-18,,captured
txn10894,ord10894,CUST1094,49300.20 INR,INR,28/06/2026,wallet,captured
TXN10894B,ORD10894,CUST1094,49300.20,INR,2026-06-29,wallet,captured
TxN10895,OrD10895,CUST1095,"60,522.22",USD,2026-07-15,upi,captured
TXN10896,ORD10896,CUST1096,72047.37,INR,2026-07-21,wallet,captured
TXN10897,ORD10897,CUST1097,66129.23,INR,2026-07-14,netbanking,captured
TXN10898,ORD10898,CUST1098,41437.07,INR,2026-07-06,,captured
TXN10899,ORD10899,CUST1099,48682.01,INR,2026-06-03,card,captured
TXN10900,ORD10900,CUST1100,17530.16,INR,2026-07-12,wallet,captured
TXN10901,ORD10901,CUST1101,45246.34,USD,2026-06-23,upi,captured
TXN10902,ORD10902,CUST1102,38276.70,INR,2026-07-16,upi,captured
TXN10903,ORD10903,CUST1103,16714.80,INR,2026-06-02,card,captured
TXN10904,ORD10904,CUST1104,68973.01,INR,2026-07-21,netbanking,captured
TXN10905,ORD10905,CUST1105,35385.88,INR,2026-06-30,card,captured
TXN10906,ORD10906,CUST1106,14039.92,INR,2026-07-26,wallet,captured
TXN10907,ORD10907,CUST1107,27754.41,INR,2026-07-10,card,captured
  TXN10908  ,  ORD10908  ,CUST1108,29113.41 INR,INR,07-19-2026,netbanking,captured
txn10909,ord10909,CUST1109,70252.06,INR,06-07-2026,netbanking,captured
TXN10910,ORD10910,CUST1110,19329.52,USD,2026-07-23,card,captured
  TXN10911  ,  ORD10911  ,CUST1111,27604.28,INR,2026-07-08,netbanking,captured
TXN10912,ORD10912,CUST1112,59615.17,INR,2026-06-12,netbanking,captured
TXN10913,ORD10913,CUST1113,50265.87,INR,2026-07-24,upi,captured
  TXN10914  ,  ORD10914  ,CUST1114,40325.94,USD,07-07-2026,upi,captured
  TXN10914  ,  ORD10914  ,CUST1114,40325.94,USD,07-07-2026,upi,captured
TXN10915,ORD10915,CUST1115,9976.17,USD,2026-06-17,upi,captured
TxN10916,OrD10916,CUST1116,"63,483.26",USD,21/06/2026,card,captured
TXN10917,ORD10917,CUST1117,32995.62,INR,2026-06-08,wallet,captured
TXN10918,ORD10918,CUST1118,52551.53,INR,2026-06-21,card,captured
TXN10919,ORD10919,CUST1119,34024.01,INR,2026-07-29,upi,captured
TXN10920,ORD10920,CUST1120,6388.47,INR,2026-07-14,wallet,captured
TXN10921,ORD10921,CUST1121,45742.68,INR,2026-06-28,netbanking,captured
TXN10922,ORD10922,CUST1122,74611.91,USD,2026-07-06,upi,captured
TXN10923,ORD10923,CUST1123,37816.80,INR,2026-07-02,upi,captured
txn10924,ord10924,CUST1124,62582.50,INR,22/06/2026,wallet,captured
TXN10925,ORD10925,CUST1125,32430.16,USD,2026-06-02,upi,captured
TXN10926,ORD10926,CUST1126,24468.37,INR,2026-06-14,netbanking,captured
TXN10927,ORD10927,CUST1127,71688.70,INR,2026-07-18,card,captured
TXN10928,ORD10928,CUST1128,45755.91,INR,2026-07-22,wallet,captured
TXN10929,ORD10929,CUST1129,26782.73,INR,2026-07-24,wallet,captured
TXN10930,ORD10930,CUST1130,11911.18,INR,2026-07-24,netbanking,captured
TXN10931,ORD10931,CUST1131,35172.43,USD,2026-06-19,card,captured
  TXN10932  ,  ORD10932  ,CUST1132,"₹39,367.39",INR,2026-07-25,netbanking,captured
TXN10933,ORD10933,CUST1133,64286.64,INR,2026-06-08,wallet,captured
TXN10934,ORD10934,CUST1134,12484.92,USD,2026-07-04,card,captured
TXN10935,ORD10935,CUST1135,17047.26,INR,2026-06-21,card,captured
TXN10937,ORD10937,CUST1137,25308.77,INR,2026-06-27,upi,captured
TXN10938,ORD10938,CUST1138,55316.14,INR,2026-07-07,wallet,captured
TXN10939,ORD10939,CUST1139,8018.40,INR,2026-07-05,card,captured
TXN10940,ORD10940,CUST1140,2501.26,USD,2026-06-03,upi,captured
TXN10940B,ORD10940,CUST1140,2501.26,USD,2026-06-04,wallet,captured
TXN10941,ORD10941,CUST1141,18007.60,INR,2026-06-23,wallet,captured
TXN10942,ORD10942,CUST1142,35032.60,USD,2026-07-25,wallet,captured
TXN10943,ORD10943,CUST1143,43927.85,USD,2026-07-21,upi,captured
TXN10944,ORD10944,CUST1144,55116.38,INR,2026-07-11,wallet,captured
TXN10945,ORD10945,CUST1145,19492.96,USD,2026-06-25,netbanking,captured
TXN10946,ORD10946,CUST1146,10199.47,INR,2026-06-17,card,captured
TXN10947,ORD10947,CUST1147,37018.14,USD,2026-06-01,wallet,captured
TXN10948,ORD10948,CUST1148,62465.39,INR,2026-07-01,wallet,captured
TXN10949,ORD10949,CUST1149,24019.71,INR,2026-07-10,wallet,captured
TXN10950,ORD10950,CUST1150,14757.74,INR,2026-07-07,card,captured
TXN10951,ORD10951,CUST1151,26034.49,INR,2026-06-13,wallet,captured
TXN10952,ORD10952,CUST1152,59768.21,INR,2026-06-12,upi,captured
TXN10953,ORD10953,CUST1153,39398.59,INR,2026-07-25,wallet,captured
TXN10954,ORD10954,CUST1154,18209.92,INR,2026-06-10,netbanking,captured
TXN10955,ORD10955,CUST1155,73311.82,INR,2026-06-05,card,captured
TXN10956,ORD10956,CUST1156,42491.26,USD,2026-07-09,netbanking,captured
TXN10957,ORD10957,CUST1157,39771.39,INR,2026-06-22,wallet,captured
TXN10958,ORD10958,CUST1158,74810.37,USD,2026-07-15,card,captured
TXN10958,ORD10958,CUST1158,74810.37,USD,2026-07-15,card,captured
TXN10959,ORD10959,CUST1159,12417.32,INR,2026-06-26,wallet,captured
TXN10960,ORD10960,CUST1160,36749.93,INR,2026-06-28,netbanking,captured
TXN10961,ORD10961,CUST1161,53290.73,INR,2026-07-26,wallet,captured
TXN10962,ORD10962,CUST1162,2038.89,USD,2026-07-01,netbanking,captured
TXN10962B,ORD10962,CUST1162,2038.89,USD,2026-07-02,wallet,captured
TXN10963,ORD10963,CUST1163,5385.36,INR,2026-06-11,wallet,captured
TXN10964,ORD10964,CUST1164,25441.54,USD,2026-07-10,card,captured
TXN10965,ORD10965,CUST1165,26446.67,INR,2026-06-21,card,captured
TXN10966,ORD10966,CUST1166,67925.39,INR,2026-06-15,wallet,captured
TXN10967,ORD10967,CUST1167,72262.30,USD,2026-07-12,upi,captured
TXN10967B,ORD10967,CUST1167,72262.30,USD,2026-07-13,card,captured
TXN10968,ORD10968,CUST1168,40123.19,INR,2026-07-08,netbanking,captured
TXN10969,ORD10969,CUST1169,21344.10,INR,2026-07-29,upi,captured
TXN10970,ORD10970,CUST1170,13445.84,INR,2026-07-18,upi,captured
TXN10971,ORD10971,CUST1171,37964.00,INR,2026-07-15,card,captured
TXN10971,ORD10971,CUST1171,37964.00,INR,2026-07-15,card,captured
txn10972,ord10972,CUST1172,61082.89 INR,INR,07-01-2026,upi,captured
TxN10973,OrD10973,CUST1173,"36,074.37",INR,06-30-2026,card,captured
TXN10974,ORD10974,CUST1174,38461.83,USD,2026-07-08,card,captured
TXN10975,ORD10975,CUST1175,25918.92,USD,2026-06-19,netbanking,captured
TXN10976,ORD10976,CUST1176,29205.76,INR,2026-06-29,card,captured
TXN10976,ORD10976,CUST1176,29205.76,INR,2026-06-29,card,captured
TXN10977,ORD10977,CUST1177,73029.25,USD,2026-06-14,card,captured
TXN10978,ORD10978,CUST1178,38867.31,INR,2026-07-21,wallet,captured
TxN10979,OrD10979,CUST1179,"7,214.89",INR,19/07/2026,card,captured
TXN10981,ORD10981,CUST1181,40499.81,INR,2026-06-07,netbanking,captured
TXN10982,ORD10982,CUST1182,51882.55,INR,2026-06-08,upi,captured
TXN10983,ORD10983,CUST1183,72636.95,USD,2026-06-22,wallet,captured
TXN10984,ORD10984,CUST1184,8963.36,INR,2026-06-14,upi,captured
TXN10985,ORD10985,CUST1185,71858.60,INR,2026-06-05,netbanking,captured
TXN10986,ORD10986,CUST1186,59487.08,INR,2026-07-28,card,captured
TXN10987,ORD10987,CUST1187,46070.97,INR,2026-07-20,card,captured
TXN10988,ORD10988,CUST1188,6054.99,INR,2026-06-07,wallet,captured
TXN10989,ORD10989,CUST1189,26830.70,INR,2026-06-03,wallet,captured
TXN10990,ORD10990,CUST1190,34824.79,INR,2026-06-25,upi,captured
TXN10991,ORD10991,CUST1191,43744.25,INR,2026-06-01,,captured
TXN10992,ORD10992,CUST1192,37431.80,USD,2026-07-26,netbanking,captured
TXN10993,ORD10993,CUST1193,38302.77,INR,2026-07-05,wallet,captured
TXN10994,ORD10994,CUST1194,19097.67,INR,2026-07-24,,captured
  TXN10995  ,  ORD10995  ,CUST1195,44035.75 INR,INR,07-10-2026,wallet,captured
txn10996,ord10996,CUST1196,"₹43,942.18",INR,06-07-2026,wallet,captured
TXN10997,ORD10997,CUST1197,4110.69,INR,2026-07-31,netbanking,captured
TXN10998,ORD10998,CUST1198,1557.52,USD,2026-07-06,upi,captured
TXN10999,ORD10999,CUST1199,28072.17,INR,2026-06-25,card,captured
TXN11000,ORD11000,CUST1200,39083.06,INR,2026-06-02,card,captured
TXN11001,ORD11001,CUST1201,58188.98,USD,2026-06-13,card,captured
TXN11002,ORD11002,CUST1202,25672.12,INR,2026-06-10,netbanking,captured
TxN11003,OrD11003,CUST1203,"33,089.62",USD,07-31-2026,upi,captured
TXN11004,ORD11004,CUST1204,36952.17,INR,2026-06-06,upi,captured
TXN11005,ORD11005,CUST1205,19243.11,INR,2026-06-20,netbanking,captured
TXN11006,ORD11006,CUST1206,17209.61,USD,2026-06-11,wallet,captured
TXN11007,ORD11007,CUST1207,72870.81,INR,2026-06-18,,captured
TXN11008,ORD11008,CUST1208,11257.27,INR,2026-07-20,wallet,captured
TxN11009,OrD11009,CUST1209,39183.62 INR,INR,06-12-2026,card,captured
TXN11010,ORD11010,CUST1210,28760.52,INR,2026-06-17,netbanking,captured
txn11011,ord11011,CUST1211,21294.90 INR,INR,07-22-2026,upi,captured
TXN11012,ORD11012,CUST1212,51452.83,USD,2026-07-02,wallet,captured
TXN11013,ORD11013,CUST1213,5525.26,INR,2026-06-10,netbanking,captured
TxN11015,OrD11015,CUST1215,"₹38,632.66",USD,07-Jun-2026,upi,captured
TXN11016,ORD11016,CUST1216,73984.69,INR,2026-06-20,netbanking,captured
TXN11017,ORD11017,CUST1217,752.04,INR,2026-07-20,card,captured
TXN11018,ORD11018,CUST1218,14212.80,INR,2026-07-17,,captured
TXN11019,ORD11019,CUST1219,4708.90,INR,2026-07-06,upi,captured
TXN11020,ORD11020,CUST1220,53780.78,INR,2026-07-06,upi,captured
TXN11021,ORD11021,CUST1221,64426.97,INR,2026-07-21,card,captured
TXN11022,ORD11022,CUST1222,24646.81,INR,2026-06-05,wallet,captured
TXN11023,ORD11023,CUST1223,15875.76,USD,2026-07-27,netbanking,captured
TXN11024,ORD11024,CUST1224,74972.05,INR,2026-06-14,wallet,captured
TXN11025,ORD11025,CUST1225,30651.57,INR,2026-07-28,card,captured
TXN11026,ORD11026,CUST1226,37735.12,INR,2026-06-07,wallet,captured
TXN11027,ORD11027,CUST1227,64029.51,USD,2026-06-04,upi,captured
TXN11028,ORD11028,CUST1228,54130.47,INR,2026-06-03,upi,captured
TXN11028B,ORD11028,CUST1228,54130.47,INR,2026-06-04,upi,captured
TXN11029,ORD11029,CUST1229,40287.73,INR,2026-06-08,wallet,captured
TXN11030,ORD11030,CUST1230,21933.95,INR,2026-06-30,wallet,captured
TXN11031,ORD11031,CUST1231,8506.45,INR,2026-06-10,netbanking,captured
TXN11033,ORD11033,CUST1233,60794.16,INR,2026-07-14,wallet,captured
  TXN11034  ,  ORD11034  ,CUST1234,70961.72,INR,2026-06-24,,captured
TXN11035,ORD11035,CUST1235,17910.01,USD,2026-06-24,upi,captured
TXN11036,ORD11036,CUST1236,73196.59,INR,2026-07-26,netbanking,captured
TXN11037,ORD11037,CUST1237,43623.89,INR,2026-07-13,card,captured
TXN11038,ORD11038,CUST1238,43700.38,USD,2026-07-20,netbanking,captured
TxN11039,OrD11039,CUST1239,"41,662.79",INR,21-Jun-2026,upi,captured
TXN11040,ORD11040,CUST1240,38367.41,INR,2026-07-16,wallet,captured
TXN11041,ORD11041,CUST1241,2896.42,USD,2026-07-15,netbanking,captured
TXN11042,ORD11042,CUST1242,57978.76,INR,2026-07-13,card,captured
TXN11043,ORD11043,CUST1243,40560.43,INR,2026-06-09,card,captured
txn11044,ord11044,CUST1244,16776.15,INR,10/07/2026,card,captured
TXN11045,ORD11045,CUST1245,30515.75,INR,2026-06-05,card,captured
TXN11047,ORD11047,CUST1247,51253.41,INR,2026-06-26,upi,captured
TXN11048,ORD11048,CUST1248,72664.01,INR,2026-07-31,card,captured
TXN11049,ORD11049,CUST1249,60178.60,USD,2026-06-30,wallet,captured
TXN11050,ORD11050,CUST1250,65541.50,USD,2026-06-03,card,captured
TXN11051,ORD11051,CUST1251,2861.50,INR,2026-07-08,wallet,captured
TXN11052,ORD11052,CUST1252,27070.34,USD,2026-07-17,wallet,captured
TXN11053,ORD11053,CUST1253,51781.38,INR,2026-06-08,card,captured
TxN11054,OrD11054,CUST1254,"27,999.89",INR,07-10-2026,wallet,captured
TXN11055,ORD11055,CUST1255,38613.46,USD,2026-07-17,wallet,captured
TXN11057,ORD11057,CUST1257,57864.52,INR,2026-06-14,netbanking,captured
TXN11058,ORD11058,CUST1258,6976.30,INR,2026-06-23,upi,captured
TXN11059,ORD11059,CUST1259,24367.62,USD,2026-07-13,wallet,captured
TXN11060,ORD11060,CUST1260,8382.95,USD,2026-07-13,card,captured
TXN11061,ORD11061,CUST1261,41296.54,INR,2026-07-28,upi,captured
TXN11062,ORD11062,CUST1262,52809.87,INR,2026-07-22,card,captured
TxN11063,OrD11063,CUST1263,"₹42,021.52",USD,18-Jul-2026,netbanking,captured
TXN11064,ORD11064,CUST1264,54718.41,INR,2026-07-17,card,captured
txn11065,ord11065,CUST1265,2717.49 INR,INR,2026-07-19,card,captured
TXN11066,ORD11066,CUST1266,55417.38,INR,2026-07-02,card,captured
TXN11067,ORD11067,CUST1267,67120.62,INR,2026-07-07,upi,captured
TXN11068,ORD11068,CUST1268,54096.85,INR,2026-06-22,netbanking,captured
TXN11069,ORD11069,CUST1269,27071.50,INR,2026-06-19,upi,captured
TXN11070,ORD11070,CUST1270,54140.60,USD,2026-07-08,card,captured
TXN11071,ORD11071,CUST1271,20088.37,USD,2026-06-06,wallet,captured
TXN11072,ORD11072,CUST1272,74620.71,INR,2026-06-10,netbanking,captured
TXN11073,ORD11073,CUST1273,67122.12,INR,2026-06-24,netbanking,captured
TXN11074,ORD11074,CUST1274,72807.19,INR,2026-07-17,wallet,captured
TXN11075,ORD11075,CUST1275,38160.40,INR,2026-07-06,wallet,captured
TXN11076,ORD11076,CUST1276,53383.35,INR,2026-07-26,netbanking,captured
TXN11077,ORD11077,CUST1277,51526.90,USD,2026-06-30,netbanking,captured
TXN11078,ORD11078,CUST1278,50319.56,USD,2026-06-26,upi,captured
TXN11079,ORD11079,CUST1279,63472.34,INR,2026-07-15,upi,captured
TXN11080,ORD11080,CUST1280,68785.10,INR,2026-06-19,wallet,captured
TXN11081,ORD11081,CUST1281,19199.10,INR,2026-07-23,wallet,captured
TXN11082,ORD11082,CUST1282,69872.12,USD,2026-06-24,netbanking,captured
TXN11083,ORD11083,CUST1283,6646.55,INR,2026-07-17,upi,captured
TXN11084,ORD11084,CUST1284,56542.53,INR,2026-07-16,card,captured
TXN11085,ORD11085,CUST1285,43608.09,INR,2026-07-15,netbanking,captured
TXN11086,ORD11086,CUST1286,13376.69,USD,2026-06-06,card,captured
TXN11087,ORD11087,CUST1287,33792.66,INR,2026-06-09,netbanking,captured
TXN11088,ORD11088,CUST1288,56426.87,INR,2026-07-07,wallet,captured
TXN11089,ORD11089,CUST1289,71654.58,INR,2026-06-20,card,captured
TXN11090,ORD11090,CUST1290,38018.14,USD,2026-07-25,netbanking,captured
TXN11091,ORD11091,CUST1291,8038.93,INR,2026-07-27,wallet,captured
TXN11092,ORD11092,CUST1292,51375.04,USD,2026-06-29,upi,captured
TXN11094,ORD11094,CUST1294,74439.92,INR,2026-06-20,upi,captured
TXN11095,ORD11095,CUST1295,63046.23,INR,2026-07-07,card,captured
TxN11096,OrD11096,CUST1296,"₹10,381.52",INR,15-Jul-2026,upi,captured
TxN11096,OrD11096,CUST1296,"₹10,381.52",INR,15-Jul-2026,upi,captured
TXN11097,ORD11097,CUST1297,71606.04,INR,2026-06-15,card,captured
TXN11097B,ORD11097,CUST1297,71606.04,INR,2026-06-16,wallet,captured
TXN11098,ORD11098,CUST1298,56325.95,INR,2026-06-19,wallet,captured
TXN11099,ORD11099,CUST1299,13007.00,USD,2026-06-22,upi,captured
TXN11099,ORD11099,CUST1299,13007.00,USD,2026-06-22,upi,captured
TXN11100,ORD11100,CUST1300,55699.57,INR,2026-07-06,upi,captured
