order_id,transaction_id,scenario,is_dirty_formatting
ORD10001,TXN10001,CLEAN,False
ORD10002,TXN10002,CLEAN,True
ORD10003,TXN10003,CLEAN,False
ORD10004,TXN10004,POSSIBLE_DUPLICATE,False
ORD10005,TXN10005,CLEAN,True
ORD10006,TXN10006,DATE_MISMATCH,False
ORD10007,TXN10007,CLEAN,False
ORD10008,TXN10008,POSSIBLE_DUPLICATE,False
ORD10009,TXN10009,UNEXPECTED_FEE,False
ORD10010,TXN10010,AMOUNT_MISMATCH,False
ORD10011,TXN10011,AMOUNT_MISMATCH,False
ORD10012,TXN10012,DATE_MISMATCH,False
ORD10013,TXN10013,DATE_MISMATCH,False
ORD10014,TXN10014,CLEAN,True
ORD10015,TXN10015,CLEAN,False
ORD10016,TXN10016,CLEAN,False
ORD10017,TXN10017,CLEAN,False
ORD10018,TXN10018,AMOUNT_MISMATCH,False
ORD10019,TXN10019,CLEAN,False
ORD10020,TXN10020,CLEAN,True
ORD10021,TXN10021,MISSING_PAYMENT,False
ORD10022,TXN10022,CLEAN,False
ORD10023,TXN10023,POSSIBLE_DUPLICATE,False
ORD10024,TXN10024,CLEAN,True
ORD10025,TXN10025,CLEAN,False
ORD10026,TXN10026,CLEAN,False
ORD10027,TXN10027,CLEAN,False
ORD10028,TXN10028,CLEAN,False
ORD10029,TXN10029,CLEAN,False
ORD10030,TXN10030,PARTIAL_SETTLEMENT,False
ORD10031,TXN10031,AMOUNT_MISMATCH,False
ORD10032,TXN10032,MISSING_SETTLEMENT,False
ORD10033,TXN10033,CLEAN,True
ORD10034,TXN10034,CLEAN,False
ORD10035,TXN10035,CLEAN,False
ORD10036,TXN10036,UNEXPECTED_FEE,False
ORD10037,TXN10037,CLEAN,False
ORD10038,TXN10038,DUPLICATE_TRANSACTION,False
ORD10039,TXN10039,CLEAN,False
ORD10040,TXN10040,CLEAN,False
ORD10041,TXN10041,AMOUNT_MISMATCH,True
ORD10042,TXN10042,CLEAN,False
ORD10043,TXN10043,AMOUNT_MISMATCH,False
ORD10044,TXN10044,CLEAN,False
ORD10045,TXN10045,CLEAN,False
ORD10046,TXN10046,CLEAN,False
ORD10047,TXN10047,MISSING_SETTLEMENT,False
ORD10048,TXN10048,CLEAN,False
ORD10049,TXN10049,CLEAN,False
ORD10050,TXN10050,CLEAN,False
ORD10051,TXN10051,MISSING_INVOICE,False
ORD10052,TXN10052,CLEAN,False
ORD10053,TXN10053,CLEAN,False
ORD10054,TXN10054,CLEAN,False
ORD10055,TXN10055,CLEAN,False
ORD10056,TXN10056,MISSING_SETTLEMENT,False
ORD10057,TXN10057,AMOUNT_MISMATCH,False
ORD10058,TXN10058,CLEAN,False
ORD10059,TXN10059,CLEAN,False
ORD10060,TXN10060,AMOUNT_MISMATCH,False
ORD10061,TXN10061,CLEAN,False
ORD10062,TXN10062,MISSING_PAYMENT,False
ORD10063,TXN10063,CLEAN,False
ORD10064,TXN10064,CLEAN,False
ORD10065,TXN10065,CLEAN,False
ORD10066,TXN10066,CLEAN,False
ORD10067,TXN10067,CLEAN,True
ORD10068,TXN10068,PARTIAL_SETTLEMENT,False
ORD10069,TXN10069,CLEAN,False
ORD10070,TXN10070,CLEAN,False
ORD10071,TXN10071,CLEAN,False
ORD10072,TXN10072,CLEAN,False
ORD10073,TXN10073,CLEAN,False
ORD10074,TXN10074,CLEAN,False
ORD10075,TXN10075,CLEAN,False
ORD10076,TXN10076,CLEAN,False
ORD10077,TXN10077,CLEAN,False
ORD10078,TXN10078,UNEXPECTED_FEE,True
ORD10079,TXN10079,MISSING_INVOICE,False
ORD10080,TXN10080,CLEAN,False
ORD10081,TXN10081,CLEAN,False
ORD10082,TXN10082,CLEAN,True
ORD10083,TXN10083,CLEAN,False
ORD10084,TXN10084,DATE_MISMATCH,False
ORD10085,TXN10085,CLEAN,False
ORD10086,TXN10086,INVALID_REFERENCE,False
ORD10087,TXN10087,CLEAN,False
ORD10088,TXN10088,CURRENCY_MISMATCH,False
ORD10089,TXN10089,CLEAN,False
ORD10090,TXN10090,AMOUNT_MISMATCH,False
ORD10091,TXN10091,CLEAN,False
ORD10092,TXN10092,CLEAN,False
ORD10093,TXN10093,UNEXPECTED_FEE,False
ORD10094,TXN10094,CLEAN,False
ORD10095,TXN10095,POSSIBLE_DUPLICATE,False
ORD10096,TXN10096,CLEAN,False
ORD10097,TXN10097,CLEAN,False
ORD10098,TXN10098,CLEAN,False
ORD10099,TXN10099,MISSING_SETTLEMENT,False
ORD10100,TXN10100,CLEAN,False
ORD10101,TXN10101,INVALID_REFERENCE,False
ORD10102,TXN10102,MISSING_INVOICE,False
ORD10103,TXN10103,CLEAN,False
ORD10104,TXN10104,AMOUNT_MISMATCH,True
ORD10105,TXN10105,INVALID_REFERENCE,False
ORD10106,TXN10106,CLEAN,False
ORD10107,TXN10107,MISSING_SETTLEMENT,False
ORD10108,TXN10108,PARTIAL_SETTLEMENT,False
ORD10109,TXN10109,PARTIAL_SETTLEMENT,False
ORD10110,TXN10110,MISSING_INVOICE,False
ORD10111,TXN10111,MISSING_INVOICE,False
ORD10112,TXN10112,DATE_MISMATCH,False
ORD10113,TXN10113,MISSING_SETTLEMENT,False
ORD10114,TXN10114,CLEAN,False
ORD10115,TXN10115,PARTIAL_SETTLEMENT,False
ORD10116,TXN10116,DUPLICATE_TRANSACTION,False
ORD10117,TXN10117,CLEAN,False
ORD10118,TXN10118,CLEAN,False
ORD10119,TXN10119,CLEAN,True
ORD10120,TXN10120,MISSING_SETTLEMENT,False
ORD10121,TXN10121,DATE_MISMATCH,False
ORD10122,TXN10122,CLEAN,False
ORD10123,TXN10123,CLEAN,False
ORD10124,TXN10124,MISSING_INVOICE,False
ORD10125,TXN10125,CLEAN,False
ORD10126,TXN10126,CURRENCY_MISMATCH,True
ORD10127,TXN10127,CLEAN,False
ORD10128,TXN10128,CLEAN,False
ORD10129,TXN10129,MISSING_SETTLEMENT,False
ORD10130,TXN10130,CLEAN,False
ORD10131,TXN10131,CLEAN,False
ORD10132,TXN10132,CLEAN,False
ORD10133,TXN10133,MISSING_INVOICE,True
ORD10134,TXN10134,CLEAN,True
ORD10135,TXN10135,CLEAN,False
ORD10136,TXN10136,CLEAN,False
ORD10137,TXN10137,DUPLICATE_TRANSACTION,False
ORD10138,TXN10138,CLEAN,False
ORD10139,TXN10139,PARTIAL_SETTLEMENT,False
ORD10140,TXN10140,INVALID_REFERENCE,False
ORD10141,TXN10141,CLEAN,False
ORD10142,TXN10142,CLEAN,True
ORD10143,TXN10143,CLEAN,False
ORD10144,TXN10144,MISSING_SETTLEMENT,False
ORD10145,TXN10145,CLEAN,False
ORD10146,TXN10146,CLEAN,True
ORD10147,TXN10147,CLEAN,False
ORD10148,TXN10148,PARTIAL_SETTLEMENT,False
ORD10149,TXN10149,CLEAN,False
ORD10150,TXN10150,CLEAN,True
ORD10151,TXN10151,CLEAN,False
ORD10152,TXN10152,CLEAN,False
ORD10153,TXN10153,CLEAN,False
ORD10154,TXN10154,CLEAN,False
ORD10155,TXN10155,MISSING_PAYMENT,False
ORD10156,TXN10156,CLEAN,True
ORD10157,TXN10157,POSSIBLE_DUPLICATE,False
ORD10158,TXN10158,MISSING_SETTLEMENT,False
ORD10159,TXN10159,CLEAN,False
ORD10160,TXN10160,CLEAN,False
ORD10161,TXN10161,CLEAN,False
ORD10162,TXN10162,CLEAN,False
ORD10163,TXN10163,POSSIBLE_DUPLICATE,False
ORD10164,TXN10164,UNEXPECTED_FEE,False
ORD10165,TXN10165,DUPLICATE_TRANSACTION,True
ORD10166,TXN10166,CLEAN,False
ORD10167,TXN10167,MISSING_INVOICE,False
ORD10168,TXN10168,CLEAN,False
ORD10169,TXN10169,CLEAN,False
ORD10170,TXN10170,MISSING_PAYMENT,False
ORD10171,TXN10171,CLEAN,False
ORD10172,TXN10172,CLEAN,False
ORD10173,TXN10173,CLEAN,False
ORD10174,TXN10174,CLEAN,False
ORD10175,TXN10175,CLEAN,False
ORD10176,TXN10176,CLEAN,False
ORD10177,TXN10177,CLEAN,False
ORD10178,TXN10178,MISSING_PAYMENT,False
ORD10179,TXN10179,MISSING_SETTLEMENT,False
ORD10180,TXN10180,CLEAN,False
ORD10181,TXN10181,INVALID_REFERENCE,False
ORD10182,TXN10182,CLEAN,False
ORD10183,TXN10183,CLEAN,False
ORD10184,TXN10184,MISSING_SETTLEMENT,False
ORD10185,TXN10185,INVALID_REFERENCE,False
ORD10186,TXN10186,CLEAN,False
ORD10187,TXN10187,CLEAN,False
ORD10188,TXN10188,CLEAN,False
ORD10189,TXN10189,MISSING_SETTLEMENT,False
ORD10190,TXN10190,CLEAN,False
ORD10191,TXN10191,CLEAN,False
ORD10192,TXN10192,DUPLICATE_TRANSACTION,False
ORD10193,TXN10193,MISSING_PAYMENT,False
ORD10194,TXN10194,CLEAN,False
ORD10195,TXN10195,CLEAN,False
ORD10196,TXN10196,CLEAN,False
ORD10197,TXN10197,CLEAN,False
ORD10198,TXN10198,CLEAN,False
ORD10199,TXN10199,CLEAN,False
ORD10200,TXN10200,CLEAN,False
ORD10201,TXN10201,MISSING_SETTLEMENT,True
ORD10202,TXN10202,CLEAN,False
ORD10203,TXN10203,PARTIAL_SETTLEMENT,False
ORD10204,TXN10204,PARTIAL_SETTLEMENT,False
ORD10205,TXN10205,CLEAN,False
ORD10206,TXN10206,MISSING_SETTLEMENT,False
ORD10207,TXN10207,MISSING_SETTLEMENT,False
ORD10208,TXN10208,DUPLICATE_TRANSACTION,True
ORD10209,TXN10209,CURRENCY_MISMATCH,False
ORD10210,TXN10210,AMOUNT_MISMATCH,False
ORD10211,TXN10211,CLEAN,False
ORD10212,TXN10212,MISSING_SETTLEMENT,False
ORD10213,TXN10213,DATE_MISMATCH,True
ORD10214,TXN10214,CLEAN,False
ORD10215,TXN10215,MISSING_PAYMENT,False
ORD10216,TXN10216,INVALID_REFERENCE,False
ORD10217,TXN10217,CLEAN,False
ORD10218,TXN10218,PARTIAL_SETTLEMENT,True
ORD10219,TXN10219,CLEAN,False
ORD10220,TXN10220,DUPLICATE_TRANSACTION,False
ORD10221,TXN10221,CLEAN,False
ORD10222,TXN10222,CLEAN,False
ORD10223,TXN10223,UNEXPECTED_FEE,False
ORD10224,TXN10224,CLEAN,False
ORD10225,TXN10225,CLEAN,False
ORD10226,TXN10226,CLEAN,False
ORD10227,TXN10227,CLEAN,False
ORD10228,TXN10228,CLEAN,False
ORD10229,TXN10229,DATE_MISMATCH,False
ORD10230,TXN10230,UNEXPECTED_FEE,False
ORD10231,TXN10231,CLEAN,False
ORD10232,TXN10232,CLEAN,False
ORD10233,TXN10233,CLEAN,False
ORD10234,TXN10234,CLEAN,False
ORD10235,TXN10235,CURRENCY_MISMATCH,True
ORD10236,TXN10236,CLEAN,False
ORD10237,TXN10237,CLEAN,False
ORD10238,TXN10238,CLEAN,False
ORD10239,TXN10239,INVALID_REFERENCE,False
ORD10240,TXN10240,CLEAN,False
ORD10241,TXN10241,CLEAN,False
ORD10242,TXN10242,CLEAN,False
ORD10243,TXN10243,CLEAN,False
ORD10244,TXN10244,CLEAN,False
ORD10245,TXN10245,POSSIBLE_DUPLICATE,True
ORD10246,TXN10246,CLEAN,False
ORD10247,TXN10247,AMOUNT_MISMATCH,True
ORD10248,TXN10248,DATE_MISMATCH,False
ORD10249,TXN10249,CLEAN,False
ORD10250,TXN10250,CLEAN,True
ORD10251,TXN10251,CLEAN,False
ORD10252,TXN10252,CLEAN,True
ORD10253,TXN10253,CLEAN,True
ORD10254,TXN10254,MISSING_SETTLEMENT,False
ORD10255,TXN10255,CLEAN,False
ORD10256,TXN10256,CLEAN,True
ORD10257,TXN10257,CLEAN,False
ORD10258,TXN10258,CLEAN,False
ORD10259,TXN10259,PARTIAL_SETTLEMENT,False
ORD10260,TXN10260,MISSING_SETTLEMENT,False
ORD10261,TXN10261,INVALID_REFERENCE,False
ORD10262,TXN10262,CLEAN,False
ORD10263,TXN10263,MISSING_INVOICE,False
ORD10264,TXN10264,CLEAN,False
ORD10265,TXN10265,CLEAN,False
ORD10266,TXN10266,UNEXPECTED_FEE,False
ORD10267,TXN10267,PARTIAL_SETTLEMENT,False
ORD10268,TXN10268,CLEAN,False
ORD10269,TXN10269,CLEAN,True
ORD10270,TXN10270,CURRENCY_MISMATCH,False
ORD10271,TXN10271,CLEAN,False
ORD10272,TXN10272,MISSING_PAYMENT,False
ORD10273,TXN10273,AMOUNT_MISMATCH,False
ORD10274,TXN10274,POSSIBLE_DUPLICATE,False
ORD10275,TXN10275,DATE_MISMATCH,False
ORD10276,TXN10276,CLEAN,False
ORD10277,TXN10277,CLEAN,False
ORD10278,TXN10278,MISSING_SETTLEMENT,False
ORD10279,TXN10279,AMOUNT_MISMATCH,False
ORD10280,TXN10280,CLEAN,False
ORD10281,TXN10281,CLEAN,False
ORD10282,TXN10282,CLEAN,False
ORD10283,TXN10283,CLEAN,False
ORD10284,TXN10284,CLEAN,False
ORD10285,TXN10285,CLEAN,True
ORD10286,TXN10286,CLEAN,False
ORD10287,TXN10287,MISSING_PAYMENT,False
ORD10288,TXN10288,CURRENCY_MISMATCH,True
ORD10289,TXN10289,CLEAN,False
ORD10290,TXN10290,DATE_MISMATCH,False
ORD10291,TXN10291,MISSING_PAYMENT,False
ORD10292,TXN10292,CLEAN,False
ORD10293,TXN10293,CLEAN,False
ORD10294,TXN10294,CLEAN,False
ORD10295,TXN10295,CLEAN,False
ORD10296,TXN10296,CLEAN,False
ORD10297,TXN10297,INVALID_REFERENCE,False
ORD10298,TXN10298,CLEAN,False
ORD10299,TXN10299,CLEAN,False
ORD10300,TXN10300,CLEAN,False
ORD10301,TXN10301,CLEAN,False
ORD10302,TXN10302,CLEAN,True
ORD10303,TXN10303,MISSING_PAYMENT,False
ORD10304,TXN10304,CLEAN,False
ORD10305,TXN10305,CLEAN,False
ORD10306,TXN10306,CLEAN,False
ORD10307,TXN10307,AMOUNT_MISMATCH,False
ORD10308,TXN10308,AMOUNT_MISMATCH,False
ORD10309,TXN10309,CURRENCY_MISMATCH,False
ORD10310,TXN10310,CLEAN,False
ORD10311,TXN10311,MISSING_PAYMENT,False
ORD10312,TXN10312,CLEAN,False
ORD10313,TXN10313,CLEAN,False
ORD10314,TXN10314,CLEAN,False
ORD10315,TXN10315,MISSING_SETTLEMENT,False
ORD10316,TXN10316,MISSING_SETTLEMENT,False
ORD10317,TXN10317,POSSIBLE_DUPLICATE,False
ORD10318,TXN10318,POSSIBLE_DUPLICATE,False
ORD10319,TXN10319,CLEAN,True
ORD10320,TXN10320,CLEAN,True
ORD10321,TXN10321,MISSING_SETTLEMENT,False
ORD10322,TXN10322,CLEAN,True
ORD10323,TXN10323,CURRENCY_MISMATCH,False
ORD10324,TXN10324,POSSIBLE_DUPLICATE,False
ORD10325,TXN10325,AMOUNT_MISMATCH,False
ORD10326,TXN10326,CLEAN,True
ORD10327,TXN10327,CURRENCY_MISMATCH,False
ORD10328,TXN10328,CLEAN,False
ORD10329,TXN10329,CLEAN,False
ORD10330,TXN10330,MISSING_SETTLEMENT,True
ORD10331,TXN10331,CLEAN,False
ORD10332,TXN10332,UNEXPECTED_FEE,False
ORD10333,TXN10333,CLEAN,True
ORD10334,TXN10334,CLEAN,True
ORD10335,TXN10335,DUPLICATE_TRANSACTION,False
ORD10336,TXN10336,CLEAN,False
ORD10337,TXN10337,CLEAN,False
ORD10338,TXN10338,POSSIBLE_DUPLICATE,False
ORD10339,TXN10339,MISSING_INVOICE,False
ORD10340,TXN10340,AMOUNT_MISMATCH,False
ORD10341,TXN10341,AMOUNT_MISMATCH,False
ORD10342,TXN10342,DATE_MISMATCH,False
ORD10343,TXN10343,UNEXPECTED_FEE,False
ORD10344,TXN10344,POSSIBLE_DUPLICATE,False
ORD10345,TXN10345,CLEAN,False
ORD10346,TXN10346,MISSING_SETTLEMENT,False
ORD10347,TXN10347,CLEAN,False
ORD10348,TXN10348,DATE_MISMATCH,False
ORD10349,TXN10349,PARTIAL_SETTLEMENT,True
ORD10350,TXN10350,CLEAN,False
ORD10351,TXN10351,AMOUNT_MISMATCH,False
ORD10352,TXN10352,CLEAN,False
ORD10353,TXN10353,MISSING_SETTLEMENT,False
ORD10354,TXN10354,CLEAN,False
ORD10355,TXN10355,INVALID_REFERENCE,False
ORD10356,TXN10356,CLEAN,True
ORD10357,TXN10357,AMOUNT_MISMATCH,False
ORD10358,TXN10358,POSSIBLE_DUPLICATE,True
ORD10359,TXN10359,POSSIBLE_DUPLICATE,False
ORD10360,TXN10360,PARTIAL_SETTLEMENT,False
ORD10361,TXN10361,PARTIAL_SETTLEMENT,False
ORD10362,TXN10362,CLEAN,False
ORD10363,TXN10363,AMOUNT_MISMATCH,False
ORD10364,TXN10364,MISSING_SETTLEMENT,False
ORD10365,TXN10365,CLEAN,False
ORD10366,TXN10366,MISSING_INVOICE,False
ORD10367,TXN10367,CLEAN,False
ORD10368,TXN10368,MISSING_INVOICE,False
ORD10369,TXN10369,PARTIAL_SETTLEMENT,False
ORD10370,TXN10370,CLEAN,False
ORD10371,TXN10371,MISSING_SETTLEMENT,False
ORD10372,TXN10372,UNEXPECTED_FEE,False
ORD10373,TXN10373,CLEAN,False
ORD10374,TXN10374,AMOUNT_MISMATCH,False
ORD10375,TXN10375,CLEAN,True
ORD10376,TXN10376,CLEAN,False
ORD10377,TXN10377,CLEAN,False
ORD10378,TXN10378,CLEAN,False
ORD10379,TXN10379,CLEAN,True
ORD10380,TXN10380,PARTIAL_SETTLEMENT,False
ORD10381,TXN10381,CLEAN,False
ORD10382,TXN10382,CLEAN,False
ORD10383,TXN10383,CLEAN,False
ORD10384,TXN10384,CLEAN,False
ORD10385,TXN10385,CLEAN,False
ORD10386,TXN10386,CLEAN,False
ORD10387,TXN10387,CLEAN,False
ORD10388,TXN10388,CURRENCY_MISMATCH,False
ORD10389,TXN10389,MISSING_SETTLEMENT,False
ORD10390,TXN10390,CLEAN,False
ORD10391,TXN10391,CLEAN,False
ORD10392,TXN10392,CLEAN,False
ORD10393,TXN10393,CLEAN,False
ORD10394,TXN10394,CLEAN,False
ORD10395,TXN10395,POSSIBLE_DUPLICATE,False
ORD10396,TXN10396,CLEAN,False
ORD10397,TXN10397,MISSING_PAYMENT,False
ORD10398,TXN10398,CLEAN,False
ORD10399,TXN10399,CLEAN,False
ORD10400,TXN10400,AMOUNT_MISMATCH,False
ORD10401,TXN10401,CLEAN,False
ORD10402,TXN10402,DUPLICATE_TRANSACTION,False
ORD10403,TXN10403,INVALID_REFERENCE,False
ORD10404,TXN10404,DATE_MISMATCH,False
ORD10405,TXN10405,MISSING_INVOICE,False
ORD10406,TXN10406,POSSIBLE_DUPLICATE,False
ORD10407,TXN10407,POSSIBLE_DUPLICATE,False
ORD10408,TXN10408,CLEAN,False
ORD10409,TXN10409,CLEAN,False
ORD10410,TXN10410,MISSING_PAYMENT,False
ORD10411,TXN10411,CLEAN,False
ORD10412,TXN10412,CLEAN,False
ORD10413,TXN10413,CLEAN,False
ORD10414,TXN10414,POSSIBLE_DUPLICATE,False
ORD10415,TXN10415,CLEAN,False
ORD10416,TXN10416,CLEAN,False
ORD10417,TXN10417,POSSIBLE_DUPLICATE,False
ORD10418,TXN10418,AMOUNT_MISMATCH,False
ORD10419,TXN10419,DATE_MISMATCH,False
ORD10420,TXN10420,AMOUNT_MISMATCH,False
ORD10421,TXN10421,CLEAN,False
ORD10422,TXN10422,CLEAN,True
ORD10423,TXN10423,DUPLICATE_TRANSACTION,False
ORD10424,TXN10424,DUPLICATE_TRANSACTION,False
ORD10425,TXN10425,MISSING_SETTLEMENT,False
ORD10426,TXN10426,CLEAN,False
ORD10427,TXN10427,CLEAN,False
ORD10428,TXN10428,CLEAN,True
ORD10429,TXN10429,CLEAN,False
ORD10430,TXN10430,CLEAN,False
ORD10431,TXN10431,DUPLICATE_TRANSACTION,False
ORD10432,TXN10432,MISSING_SETTLEMENT,True
ORD10433,TXN10433,CLEAN,True
ORD10434,TXN10434,CLEAN,False
ORD10435,TXN10435,CLEAN,False
ORD10436,TXN10436,CLEAN,True
ORD10437,TXN10437,AMOUNT_MISMATCH,True
ORD10438,TXN10438,CLEAN,False
ORD10439,TXN10439,DUPLICATE_TRANSACTION,False
ORD10440,TXN10440,DUPLICATE_TRANSACTION,False
ORD10441,TXN10441,PARTIAL_SETTLEMENT,False
ORD10442,TXN10442,AMOUNT_MISMATCH,True
ORD10443,TXN10443,CURRENCY_MISMATCH,False
ORD10444,TXN10444,UNEXPECTED_FEE,False
ORD10445,TXN10445,INVALID_REFERENCE,True
ORD10446,TXN10446,CLEAN,False
ORD10447,TXN10447,DATE_MISMATCH,False
ORD10448,TXN10448,CLEAN,False
ORD10449,TXN10449,CLEAN,False
ORD10450,TXN10450,MISSING_SETTLEMENT,False
ORD10451,TXN10451,CLEAN,False
ORD10452,TXN10452,AMOUNT_MISMATCH,False
ORD10453,TXN10453,POSSIBLE_DUPLICATE,False
ORD10454,TXN10454,CLEAN,False
ORD10455,TXN10455,INVALID_REFERENCE,False
ORD10456,TXN10456,POSSIBLE_DUPLICATE,True
ORD10457,TXN10457,CLEAN,False
ORD10458,TXN10458,CLEAN,False
ORD10459,TXN10459,MISSING_SETTLEMENT,False
ORD10460,TXN10460,POSSIBLE_DUPLICATE,False
ORD10461,TXN10461,CLEAN,False
ORD10462,TXN10462,CLEAN,False
ORD10463,TXN10463,MISSING_PAYMENT,False
ORD10464,TXN10464,CLEAN,False
ORD10465,TXN10465,CLEAN,True
ORD10466,TXN10466,POSSIBLE_DUPLICATE,True
ORD10467,TXN10467,MISSING_PAYMENT,False
ORD10468,TXN10468,CLEAN,False
ORD10469,TXN10469,CURRENCY_MISMATCH,False
ORD10470,TXN10470,DATE_MISMATCH,False
ORD10471,TXN10471,MISSING_SETTLEMENT,False
ORD10472,TXN10472,CLEAN,False
ORD10473,TXN10473,DUPLICATE_TRANSACTION,False
ORD10474,TXN10474,PARTIAL_SETTLEMENT,False
ORD10475,TXN10475,CLEAN,False
ORD10476,TXN10476,AMOUNT_MISMATCH,False
ORD10477,TXN10477,CLEAN,False
ORD10478,TXN10478,CLEAN,False
ORD10479,TXN10479,CLEAN,False
ORD10480,TXN10480,AMOUNT_MISMATCH,False
ORD10481,TXN10481,CLEAN,False
ORD10482,TXN10482,AMOUNT_MISMATCH,False
ORD10483,TXN10483,MISSING_INVOICE,False
ORD10484,TXN10484,CLEAN,False
ORD10485,TXN10485,CLEAN,False
ORD10486,TXN10486,CLEAN,False
ORD10487,TXN10487,CLEAN,False
ORD10488,TXN10488,PARTIAL_SETTLEMENT,False
ORD10489,TXN10489,CLEAN,False
ORD10490,TXN10490,UNEXPECTED_FEE,False
ORD10491,TXN10491,CLEAN,False
ORD10492,TXN10492,POSSIBLE_DUPLICATE,True
ORD10493,TXN10493,CLEAN,False
ORD10494,TXN10494,MISSING_PAYMENT,False
ORD10495,TXN10495,CLEAN,False
ORD10496,TXN10496,CLEAN,False
ORD10497,TXN10497,CLEAN,False
ORD10498,TXN10498,CLEAN,False
ORD10499,TXN10499,INVALID_REFERENCE,False
ORD10500,TXN10500,AMOUNT_MISMATCH,False
ORD10501,TXN10501,POSSIBLE_DUPLICATE,False
ORD10502,TXN10502,CLEAN,False
ORD10503,TXN10503,MISSING_SETTLEMENT,False
ORD10504,TXN10504,MISSING_INVOICE,True
ORD10505,TXN10505,DUPLICATE_TRANSACTION,False
ORD10506,TXN10506,CLEAN,False
ORD10507,TXN10507,MISSING_INVOICE,False
ORD10508,TXN10508,CLEAN,False
ORD10509,TXN10509,CLEAN,False
ORD10510,TXN10510,PARTIAL_SETTLEMENT,False
ORD10511,TXN10511,CLEAN,False
ORD10512,TXN10512,DATE_MISMATCH,False
ORD10513,TXN10513,CLEAN,False
ORD10514,TXN10514,MISSING_SETTLEMENT,True
ORD10515,TXN10515,PARTIAL_SETTLEMENT,False
ORD10516,TXN10516,CLEAN,False
ORD10517,TXN10517,CLEAN,False
ORD10518,TXN10518,MISSING_PAYMENT,False
ORD10519,TXN10519,CLEAN,True
ORD10520,TXN10520,PARTIAL_SETTLEMENT,False
ORD10521,TXN10521,DUPLICATE_TRANSACTION,False
ORD10522,TXN10522,CLEAN,False
ORD10523,TXN10523,CLEAN,False
ORD10524,TXN10524,CLEAN,False
ORD10525,TXN10525,MISSING_INVOICE,False
ORD10526,TXN10526,CLEAN,False
ORD10527,TXN10527,CLEAN,False
ORD10528,TXN10528,CLEAN,False
ORD10529,TXN10529,CLEAN,False
ORD10530,TXN10530,UNEXPECTED_FEE,False
ORD10531,TXN10531,CLEAN,False
ORD10532,TXN10532,CLEAN,False
ORD10533,TXN10533,CLEAN,False
ORD10534,TXN10534,CLEAN,False
ORD10535,TXN10535,CLEAN,False
ORD10536,TXN10536,MISSING_SETTLEMENT,True
ORD10537,TXN10537,CLEAN,False
ORD10538,TXN10538,CURRENCY_MISMATCH,False
ORD10539,TXN10539,CLEAN,False
ORD10540,TXN10540,CLEAN,False
ORD10541,TXN10541,CLEAN,False
ORD10542,TXN10542,DUPLICATE_TRANSACTION,False
ORD10543,TXN10543,MISSING_PAYMENT,False
ORD10544,TXN10544,AMOUNT_MISMATCH,True
ORD10545,TXN10545,PARTIAL_SETTLEMENT,False
ORD10546,TXN10546,AMOUNT_MISMATCH,False
ORD10547,TXN10547,UNEXPECTED_FEE,False
ORD10548,TXN10548,CURRENCY_MISMATCH,False
ORD10549,TXN10549,CLEAN,False
ORD10550,TXN10550,CLEAN,False
ORD10551,TXN10551,DATE_MISMATCH,False
ORD10552,TXN10552,CLEAN,False
ORD10553,TXN10553,CLEAN,False
ORD10554,TXN10554,CLEAN,False
ORD10555,TXN10555,CLEAN,False
ORD10556,TXN10556,MISSING_SETTLEMENT,False
ORD10557,TXN10557,MISSING_SETTLEMENT,False
ORD10558,TXN10558,MISSING_INVOICE,False
ORD10559,TXN10559,CLEAN,False
ORD10560,TXN10560,CLEAN,False
ORD10561,TXN10561,DATE_MISMATCH,False
ORD10562,TXN10562,CLEAN,False
ORD10563,TXN10563,CURRENCY_MISMATCH,False
ORD10564,TXN10564,CLEAN,False
ORD10565,TXN10565,DATE_MISMATCH,False
ORD10566,TXN10566,MISSING_PAYMENT,False
ORD10567,TXN10567,AMOUNT_MISMATCH,False
ORD10568,TXN10568,DUPLICATE_TRANSACTION,False
ORD10569,TXN10569,POSSIBLE_DUPLICATE,False
ORD10570,TXN10570,AMOUNT_MISMATCH,False
ORD10571,TXN10571,CLEAN,False
ORD10572,TXN10572,MISSING_PAYMENT,False
ORD10573,TXN10573,CURRENCY_MISMATCH,False
ORD10574,TXN10574,MISSING_PAYMENT,False
ORD10575,TXN10575,DUPLICATE_TRANSACTION,False
ORD10576,TXN10576,UNEXPECTED_FEE,False
ORD10577,TXN10577,CLEAN,False
ORD10578,TXN10578,MISSING_SETTLEMENT,True
ORD10579,TXN10579,CLEAN,False
ORD10580,TXN10580,CLEAN,False
ORD10581,TXN10581,CLEAN,False
ORD10582,TXN10582,CLEAN,False
ORD10583,TXN10583,CLEAN,True
ORD10584,TXN10584,UNEXPECTED_FEE,True
ORD10585,TXN10585,POSSIBLE_DUPLICATE,True
ORD10586,TXN10586,AMOUNT_MISMATCH,False
ORD10587,TXN10587,CLEAN,False
ORD10588,TXN10588,UNEXPECTED_FEE,False
ORD10589,TXN10589,MISSING_SETTLEMENT,False
ORD10590,TXN10590,CLEAN,False
ORD10591,TXN10591,CLEAN,False
ORD10592,TXN10592,DATE_MISMATCH,False
ORD10593,TXN10593,CLEAN,False
ORD10594,TXN10594,MISSING_INVOICE,True
ORD10595,TXN10595,POSSIBLE_DUPLICATE,False
ORD10596,TXN10596,MISSING_SETTLEMENT,False
ORD10597,TXN10597,CLEAN,False
ORD10598,TXN10598,PARTIAL_SETTLEMENT,False
ORD10599,TXN10599,DUPLICATE_TRANSACTION,True
ORD10600,TXN10600,PARTIAL_SETTLEMENT,False
ORD10601,TXN10601,CLEAN,False
ORD10602,TXN10602,CLEAN,False
ORD10603,TXN10603,CURRENCY_MISMATCH,False
ORD10604,TXN10604,CLEAN,False
ORD10605,TXN10605,CLEAN,False
ORD10606,TXN10606,MISSING_INVOICE,False
ORD10607,TXN10607,AMOUNT_MISMATCH,False
ORD10608,TXN10608,POSSIBLE_DUPLICATE,False
ORD10609,TXN10609,CURRENCY_MISMATCH,False
ORD10610,TXN10610,CLEAN,False
ORD10611,TXN10611,CLEAN,False
ORD10612,TXN10612,CLEAN,False
ORD10613,TXN10613,CLEAN,False
ORD10614,TXN10614,CLEAN,False
ORD10615,TXN10615,MISSING_INVOICE,True
ORD10616,TXN10616,CLEAN,False
ORD10617,TXN10617,MISSING_INVOICE,False
ORD10618,TXN10618,AMOUNT_MISMATCH,False
ORD10619,TXN10619,CLEAN,False
ORD10620,TXN10620,CURRENCY_MISMATCH,False
ORD10621,TXN10621,CLEAN,True
ORD10622,TXN10622,CLEAN,False
ORD10623,TXN10623,CLEAN,False
ORD10624,TXN10624,PARTIAL_SETTLEMENT,False
ORD10625,TXN10625,CLEAN,False
ORD10626,TXN10626,CLEAN,False
ORD10627,TXN10627,CLEAN,True
ORD10628,TXN10628,MISSING_PAYMENT,False
ORD10629,TXN10629,MISSING_INVOICE,False
ORD10630,TXN10630,CLEAN,True
ORD10631,TXN10631,MISSING_SETTLEMENT,False
ORD10632,TXN10632,CLEAN,False
ORD10633,TXN10633,PARTIAL_SETTLEMENT,False
ORD10634,TXN10634,MISSING_SETTLEMENT,False
ORD10635,TXN10635,CLEAN,False
ORD10636,TXN10636,CURRENCY_MISMATCH,False
ORD10637,TXN10637,CLEAN,True
ORD10638,TXN10638,MISSING_SETTLEMENT,False
ORD10639,TXN10639,AMOUNT_MISMATCH,False
ORD10640,TXN10640,CLEAN,False
ORD10641,TXN10641,MISSING_INVOICE,False
ORD10642,TXN10642,CLEAN,False
ORD10643,TXN10643,CLEAN,False
ORD10644,TXN10644,INVALID_REFERENCE,False
ORD10645,TXN10645,CURRENCY_MISMATCH,False
ORD10646,TXN10646,CLEAN,False
ORD10647,TXN10647,CLEAN,False
ORD10648,TXN10648,DATE_MISMATCH,False
ORD10649,TXN10649,DUPLICATE_TRANSACTION,False
ORD10650,TXN10650,CLEAN,False
ORD10651,TXN10651,CLEAN,False
ORD10652,TXN10652,UNEXPECTED_FEE,False
ORD10653,TXN10653,CLEAN,False
ORD10654,TXN10654,PARTIAL_SETTLEMENT,False
ORD10655,TXN10655,MISSING_SETTLEMENT,False
ORD10656,TXN10656,MISSING_PAYMENT,False
ORD10657,TXN10657,CLEAN,False
ORD10658,TXN10658,CLEAN,False
ORD10659,TXN10659,DATE_MISMATCH,False
ORD10660,TXN10660,CLEAN,False
ORD10661,TXN10661,CLEAN,True
ORD10662,TXN10662,CLEAN,False
ORD10663,TXN10663,CLEAN,False
ORD10664,TXN10664,CLEAN,False
ORD10665,TXN10665,DUPLICATE_TRANSACTION,False
ORD10666,TXN10666,AMOUNT_MISMATCH,False
ORD10667,TXN10667,CLEAN,False
ORD10668,TXN10668,CLEAN,False
ORD10669,TXN10669,CLEAN,True
ORD10670,TXN10670,CLEAN,False
ORD10671,TXN10671,CLEAN,False
ORD10672,TXN10672,MISSING_SETTLEMENT,False
ORD10673,TXN10673,CLEAN,False
ORD10674,TXN10674,CLEAN,False
ORD10675,TXN10675,CLEAN,False
ORD10676,TXN10676,MISSING_SETTLEMENT,False
ORD10677,TXN10677,MISSING_PAYMENT,True
ORD10678,TXN10678,MISSING_PAYMENT,False
ORD10679,TXN10679,CLEAN,False
ORD10680,TXN10680,CLEAN,False
ORD10681,TXN10681,CLEAN,False
ORD10682,TXN10682,INVALID_REFERENCE,False
ORD10683,TXN10683,CLEAN,False
ORD10684,TXN10684,DUPLICATE_TRANSACTION,False
ORD10685,TXN10685,CLEAN,False
ORD10686,TXN10686,MISSING_PAYMENT,False
ORD10687,TXN10687,MISSING_INVOICE,False
ORD10688,TXN10688,CLEAN,False
ORD10689,TXN10689,INVALID_REFERENCE,True
ORD10690,TXN10690,MISSING_SETTLEMENT,False
ORD10691,TXN10691,CLEAN,False
ORD10692,TXN10692,CLEAN,False
ORD10693,TXN10693,PARTIAL_SETTLEMENT,False
ORD10694,TXN10694,DUPLICATE_TRANSACTION,False
ORD10695,TXN10695,AMOUNT_MISMATCH,False
ORD10696,TXN10696,DATE_MISMATCH,False
ORD10697,TXN10697,CLEAN,True
ORD10698,TXN10698,CLEAN,False
ORD10699,TXN10699,CLEAN,False
ORD10700,TXN10700,MISSING_SETTLEMENT,False
ORD10701,TXN10701,MISSING_INVOICE,False
ORD10702,TXN10702,CLEAN,False
ORD10703,TXN10703,CURRENCY_MISMATCH,False
ORD10704,TXN10704,CLEAN,False
ORD10705,TXN10705,AMOUNT_MISMATCH,False
ORD10706,TXN10706,CLEAN,False
ORD10707,TXN10707,CURRENCY_MISMATCH,True
ORD10708,TXN10708,CURRENCY_MISMATCH,False
ORD10709,TXN10709,MISSING_SETTLEMENT,False
ORD10710,TXN10710,MISSING_PAYMENT,False
ORD10711,TXN10711,MISSING_SETTLEMENT,False
ORD10712,TXN10712,CLEAN,False
ORD10713,TXN10713,UNEXPECTED_FEE,False
ORD10714,TXN10714,CLEAN,False
ORD10715,TXN10715,UNEXPECTED_FEE,True
ORD10716,TXN10716,CURRENCY_MISMATCH,False
ORD10717,TXN10717,CLEAN,False
ORD10718,TXN10718,CURRENCY_MISMATCH,False
ORD10719,TXN10719,MISSING_INVOICE,False
ORD10720,TXN10720,AMOUNT_MISMATCH,False
ORD10721,TXN10721,UNEXPECTED_FEE,False
ORD10722,TXN10722,CLEAN,False
ORD10723,TXN10723,CLEAN,False
ORD10724,TXN10724,UNEXPECTED_FEE,False
ORD10725,TXN10725,CLEAN,False
ORD10726,TXN10726,CLEAN,False
ORD10727,TXN10727,CLEAN,False
ORD10728,TXN10728,AMOUNT_MISMATCH,False
ORD10729,TXN10729,CLEAN,False
ORD10730,TXN10730,CLEAN,False
ORD10731,TXN10731,CLEAN,False
ORD10732,TXN10732,CLEAN,False
ORD10733,TXN10733,DUPLICATE_TRANSACTION,False
ORD10734,TXN10734,CLEAN,False
ORD10735,TXN10735,POSSIBLE_DUPLICATE,False
ORD10736,TXN10736,POSSIBLE_DUPLICATE,False
ORD10737,TXN10737,CLEAN,False
ORD10738,TXN10738,MISSING_PAYMENT,True
ORD10739,TXN10739,CLEAN,False
ORD10740,TXN10740,POSSIBLE_DUPLICATE,False
ORD10741,TXN10741,CLEAN,False
ORD10742,TXN10742,CLEAN,False
ORD10743,TXN10743,POSSIBLE_DUPLICATE,False
ORD10744,TXN10744,CLEAN,True
ORD10745,TXN10745,CLEAN,False
ORD10746,TXN10746,MISSING_INVOICE,True
ORD10747,TXN10747,CLEAN,False
ORD10748,TXN10748,CLEAN,False
ORD10749,TXN10749,CLEAN,False
ORD10750,TXN10750,CLEAN,False
ORD10751,TXN10751,CLEAN,True
ORD10752,TXN10752,CLEAN,True
ORD10753,TXN10753,CLEAN,False
ORD10754,TXN10754,CLEAN,False
ORD10755,TXN10755,MISSING_SETTLEMENT,False
ORD10756,TXN10756,CLEAN,False
ORD10757,TXN10757,CLEAN,False
ORD10758,TXN10758,CLEAN,False
ORD10759,TXN10759,CLEAN,False
ORD10760,TXN10760,POSSIBLE_DUPLICATE,False
ORD10761,TXN10761,CLEAN,False
ORD10762,TXN10762,CLEAN,True
ORD10763,TXN10763,CLEAN,False
ORD10764,TXN10764,MISSING_PAYMENT,True
ORD10765,TXN10765,CLEAN,False
ORD10766,TXN10766,CLEAN,False
ORD10767,TXN10767,POSSIBLE_DUPLICATE,False
ORD10768,TXN10768,CLEAN,False
ORD10769,TXN10769,CLEAN,False
ORD10770,TXN10770,MISSING_SETTLEMENT,False
ORD10771,TXN10771,PARTIAL_SETTLEMENT,False
ORD10772,TXN10772,CLEAN,False
ORD10773,TXN10773,CLEAN,False
ORD10774,TXN10774,CLEAN,False
ORD10775,TXN10775,UNEXPECTED_FEE,False
ORD10776,TXN10776,CLEAN,False
ORD10777,TXN10777,MISSING_PAYMENT,False
ORD10778,TXN10778,CLEAN,False
ORD10779,TXN10779,POSSIBLE_DUPLICATE,False
ORD10780,TXN10780,MISSING_INVOICE,False
ORD10781,TXN10781,CLEAN,True
ORD10782,TXN10782,DATE_MISMATCH,True
ORD10783,TXN10783,CLEAN,False
ORD10784,TXN10784,POSSIBLE_DUPLICATE,False
ORD10785,TXN10785,AMOUNT_MISMATCH,False
ORD10786,TXN10786,MISSING_SETTLEMENT,True
ORD10787,TXN10787,CLEAN,True
ORD10788,TXN10788,CLEAN,False
ORD10789,TXN10789,AMOUNT_MISMATCH,False
ORD10790,TXN10790,AMOUNT_MISMATCH,False
ORD10791,TXN10791,DATE_MISMATCH,False
ORD10792,TXN10792,CLEAN,False
ORD10793,TXN10793,CLEAN,False
ORD10794,TXN10794,CLEAN,False
ORD10795,TXN10795,MISSING_SETTLEMENT,False
ORD10796,TXN10796,DATE_MISMATCH,False
ORD10797,TXN10797,CLEAN,False
ORD10798,TXN10798,CLEAN,False
ORD10799,TXN10799,CLEAN,False
ORD10800,TXN10800,CLEAN,False
ORD10801,TXN10801,CLEAN,False
ORD10802,TXN10802,AMOUNT_MISMATCH,False
ORD10803,TXN10803,CLEAN,False
ORD10804,TXN10804,CLEAN,False
ORD10805,TXN10805,CLEAN,True
ORD10806,TXN10806,CLEAN,False
ORD10807,TXN10807,UNEXPECTED_FEE,False
ORD10808,TXN10808,CLEAN,False
ORD10809,TXN10809,DATE_MISMATCH,False
ORD10810,TXN10810,DATE_MISMATCH,False
ORD10811,TXN10811,POSSIBLE_DUPLICATE,False
ORD10812,TXN10812,MISSING_SETTLEMENT,False
ORD10813,TXN10813,CLEAN,True
ORD10814,TXN10814,CLEAN,False
ORD10815,TXN10815,CLEAN,False
ORD10816,TXN10816,CLEAN,False
ORD10817,TXN10817,CLEAN,False
ORD10818,TXN10818,CLEAN,False
ORD10819,TXN10819,CLEAN,False
ORD10820,TXN10820,CLEAN,False
ORD10821,TXN10821,PARTIAL_SETTLEMENT,False
ORD10822,TXN10822,DATE_MISMATCH,False
ORD10823,TXN10823,CLEAN,False
ORD10824,TXN10824,POSSIBLE_DUPLICATE,False
ORD10825,TXN10825,MISSING_SETTLEMENT,False
ORD10826,TXN10826,CLEAN,False
ORD10827,TXN10827,DUPLICATE_TRANSACTION,False
ORD10828,TXN10828,MISSING_INVOICE,False
ORD10829,TXN10829,CURRENCY_MISMATCH,False
ORD10830,TXN10830,MISSING_INVOICE,True
ORD10831,TXN10831,AMOUNT_MISMATCH,False
ORD10832,TXN10832,CLEAN,False
ORD10833,TXN10833,CLEAN,False
ORD10834,TXN10834,CLEAN,False
ORD10835,TXN10835,CLEAN,False
ORD10836,TXN10836,CLEAN,False
ORD10837,TXN10837,DATE_MISMATCH,False
ORD10838,TXN10838,CLEAN,False
ORD10839,TXN10839,CLEAN,False
ORD10840,TXN10840,CLEAN,False
ORD10841,TXN10841,CLEAN,False
ORD10842,TXN10842,DUPLICATE_TRANSACTION,False
ORD10843,TXN10843,CLEAN,False
ORD10844,TXN10844,CLEAN,False
ORD10845,TXN10845,CLEAN,False
ORD10846,TXN10846,POSSIBLE_DUPLICATE,False
ORD10847,TXN10847,CLEAN,False
ORD10848,TXN10848,CLEAN,True
ORD10849,TXN10849,CLEAN,False
ORD10850,TXN10850,UNEXPECTED_FEE,False
ORD10851,TXN10851,AMOUNT_MISMATCH,False
ORD10852,TXN10852,POSSIBLE_DUPLICATE,False
ORD10853,TXN10853,MISSING_SETTLEMENT,False
ORD10854,TXN10854,CLEAN,False
ORD10855,TXN10855,CLEAN,False
ORD10856,TXN10856,MISSING_SETTLEMENT,False
ORD10857,TXN10857,CLEAN,False
ORD10858,TXN10858,MISSING_INVOICE,False
ORD10859,TXN10859,AMOUNT_MISMATCH,True
ORD10860,TXN10860,CLEAN,False
ORD10861,TXN10861,CLEAN,False
ORD10862,TXN10862,UNEXPECTED_FEE,False
ORD10863,TXN10863,POSSIBLE_DUPLICATE,False
ORD10864,TXN10864,POSSIBLE_DUPLICATE,False
ORD10865,TXN10865,CLEAN,False
ORD10866,TXN10866,AMOUNT_MISMATCH,False
ORD10867,TXN10867,PARTIAL_SETTLEMENT,False
ORD10868,TXN10868,AMOUNT_MISMATCH,True
ORD10869,TXN10869,CLEAN,False
ORD10870,TXN10870,CLEAN,False
ORD10871,TXN10871,CURRENCY_MISMATCH,False
ORD10872,TXN10872,CLEAN,False
ORD10873,TXN10873,CLEAN,False
ORD10874,TXN10874,POSSIBLE_DUPLICATE,False
ORD10875,TXN10875,MISSING_SETTLEMENT,False
ORD10876,TXN10876,CLEAN,True
ORD10877,TXN10877,CLEAN,False
ORD10878,TXN10878,PARTIAL_SETTLEMENT,False
ORD10879,TXN10879,CLEAN,False
ORD10880,TXN10880,PARTIAL_SETTLEMENT,False
ORD10881,TXN10881,CLEAN,False
ORD10882,TXN10882,CLEAN,False
ORD10883,TXN10883,CURRENCY_MISMATCH,False
ORD10884,TXN10884,INVALID_REFERENCE,False
ORD10885,TXN10885,POSSIBLE_DUPLICATE,False
ORD10886,TXN10886,CLEAN,False
ORD10887,TXN10887,CLEAN,False
ORD10888,TXN10888,CLEAN,True
ORD10889,TXN10889,UNEXPECTED_FEE,False
ORD10890,TXN10890,CLEAN,False
ORD10891,TXN10891,POSSIBLE_DUPLICATE,False
ORD10892,TXN10892,CLEAN,False
ORD10893,TXN10893,CLEAN,False
ORD10894,TXN10894,POSSIBLE_DUPLICATE,True
ORD10895,TXN10895,CLEAN,True
ORD10896,TXN10896,CLEAN,False
ORD10897,TXN10897,CLEAN,False
ORD10898,TXN10898,CLEAN,False
ORD10899,TXN10899,CLEAN,False
ORD10900,TXN10900,CLEAN,False
ORD10901,TXN10901,DATE_MISMATCH,False
ORD10902,TXN10902,CLEAN,False
ORD10903,TXN10903,CLEAN,False
ORD10904,TXN10904,AMOUNT_MISMATCH,False
ORD10905,TXN10905,CLEAN,False
ORD10906,TXN10906,CLEAN,False
ORD10907,TXN10907,CLEAN,False
ORD10908,TXN10908,DATE_MISMATCH,True
ORD10909,TXN10909,CLEAN,True
ORD10910,TXN10910,CLEAN,False
ORD10911,TXN10911,AMOUNT_MISMATCH,True
ORD10912,TXN10912,CLEAN,False
ORD10913,TXN10913,AMOUNT_MISMATCH,False
ORD10914,TXN10914,DUPLICATE_TRANSACTION,True
ORD10915,TXN10915,AMOUNT_MISMATCH,False
ORD10916,TXN10916,CLEAN,True
ORD10917,TXN10917,CLEAN,False
ORD10918,TXN10918,CLEAN,False
ORD10919,TXN10919,CLEAN,False
ORD10920,TXN10920,CLEAN,False
ORD10921,TXN10921,UNEXPECTED_FEE,False
ORD10922,TXN10922,CLEAN,False
ORD10923,TXN10923,MISSING_SETTLEMENT,False
ORD10924,TXN10924,CLEAN,True
ORD10925,TXN10925,UNEXPECTED_FEE,False
ORD10926,TXN10926,AMOUNT_MISMATCH,False
ORD10927,TXN10927,CLEAN,False
ORD10928,TXN10928,CLEAN,False
ORD10929,TXN10929,CURRENCY_MISMATCH,False
ORD10930,TXN10930,MISSING_SETTLEMENT,False
ORD10931,TXN10931,CLEAN,False
ORD10932,TXN10932,MISSING_INVOICE,True
ORD10933,TXN10933,AMOUNT_MISMATCH,False
ORD10934,TXN10934,UNEXPECTED_FEE,False
ORD10935,TXN10935,CLEAN,False
ORD10936,TXN10936,MISSING_PAYMENT,False
ORD10937,TXN10937,CLEAN,False
ORD10938,TXN10938,UNEXPECTED_FEE,False
ORD10939,TXN10939,CLEAN,False
ORD10940,TXN10940,POSSIBLE_DUPLICATE,False
ORD10941,TXN10941,DATE_MISMATCH,False
ORD10942,TXN10942,CLEAN,False
ORD10943,TXN10943,MISSING_SETTLEMENT,False
ORD10944,TXN10944,CLEAN,False
ORD10945,TXN10945,CLEAN,False
ORD10946,TXN10946,CLEAN,False
ORD10947,TXN10947,CLEAN,False
ORD10948,TXN10948,CLEAN,False
ORD10949,TXN10949,CLEAN,False
ORD10950,TXN10950,CURRENCY_MISMATCH,False
ORD10951,TXN10951,INVALID_REFERENCE,False
ORD10952,TXN10952,DATE_MISMATCH,False
ORD10953,TXN10953,PARTIAL_SETTLEMENT,False
ORD10954,TXN10954,CLEAN,False
ORD10955,TXN10955,CLEAN,False
ORD10956,TXN10956,CLEAN,False
ORD10957,TXN10957,MISSING_INVOICE,False
ORD10958,TXN10958,DUPLICATE_TRANSACTION,False
ORD10959,TXN10959,CLEAN,False
ORD10960,TXN10960,CLEAN,False
ORD10961,TXN10961,UNEXPECTED_FEE,False
ORD10962,TXN10962,POSSIBLE_DUPLICATE,False
ORD10963,TXN10963,PARTIAL_SETTLEMENT,False
ORD10964,TXN10964,CLEAN,False
ORD10965,TXN10965,CLEAN,False
ORD10966,TXN10966,CLEAN,False
ORD10967,TXN10967,POSSIBLE_DUPLICATE,False
ORD10968,TXN10968,CURRENCY_MISMATCH,False
ORD10969,TXN10969,CLEAN,False
ORD10970,TXN10970,CLEAN,False
ORD10971,TXN10971,DUPLICATE_TRANSACTION,False
ORD10972,TXN10972,DATE_MISMATCH,True
ORD10973,TXN10973,CLEAN,True
ORD10974,TXN10974,CLEAN,False
ORD10975,TXN10975,UNEXPECTED_FEE,False
ORD10976,TXN10976,DUPLICATE_TRANSACTION,False
ORD10977,TXN10977,CLEAN,False
ORD10978,TXN10978,CLEAN,False
ORD10979,TXN10979,PARTIAL_SETTLEMENT,True
ORD10980,TXN10980,MISSING_PAYMENT,False
ORD10981,TXN10981,MISSING_INVOICE,False
ORD10982,TXN10982,CLEAN,False
ORD10983,TXN10983,CLEAN,False
ORD10984,TXN10984,CLEAN,False
ORD10985,TXN10985,CLEAN,False
ORD10986,TXN10986,PARTIAL_SETTLEMENT,False
ORD10987,TXN10987,CLEAN,False
ORD10988,TXN10988,MISSING_INVOICE,False
ORD10989,TXN10989,CLEAN,False
ORD10990,TXN10990,MISSING_SETTLEMENT,False
ORD10991,TXN10991,CLEAN,False
ORD10992,TXN10992,MISSING_SETTLEMENT,False
ORD10993,TXN10993,CLEAN,False
ORD10994,TXN10994,MISSING_SETTLEMENT,False
ORD10995,TXN10995,DATE_MISMATCH,True
ORD10996,TXN10996,CLEAN,True
ORD10997,TXN10997,CLEAN,False
ORD10998,TXN10998,UNEXPECTED_FEE,False
ORD10999,TXN10999,MISSING_SETTLEMENT,False
ORD11000,TXN11000,CLEAN,False
ORD11001,TXN11001,UNEXPECTED_FEE,False
ORD11002,TXN11002,AMOUNT_MISMATCH,False
ORD11003,TXN11003,AMOUNT_MISMATCH,True
ORD11004,TXN11004,CURRENCY_MISMATCH,False
ORD11005,TXN11005,CLEAN,False
ORD11006,TXN11006,CLEAN,False
ORD11007,TXN11007,MISSING_SETTLEMENT,False
ORD11008,TXN11008,PARTIAL_SETTLEMENT,False
ORD11009,TXN11009,CLEAN,True
ORD11010,TXN11010,CURRENCY_MISMATCH,False
ORD11011,TXN11011,CLEAN,True
ORD11012,TXN11012,CLEAN,False
ORD11013,TXN11013,CLEAN,False
ORD11014,TXN11014,MISSING_PAYMENT,False
ORD11015,TXN11015,CLEAN,True
ORD11016,TXN11016,CLEAN,False
ORD11017,TXN11017,MISSING_INVOICE,False
ORD11018,TXN11018,CLEAN,False
ORD11019,TXN11019,CLEAN,False
ORD11020,TXN11020,DATE_MISMATCH,False
ORD11021,TXN11021,CLEAN,False
ORD11022,TXN11022,CLEAN,False
ORD11023,TXN11023,CLEAN,False
ORD11024,TXN11024,CLEAN,False
ORD11025,TXN11025,DATE_MISMATCH,False
ORD11026,TXN11026,CLEAN,False
ORD11027,TXN11027,CLEAN,False
ORD11028,TXN11028,POSSIBLE_DUPLICATE,False
ORD11029,TXN11029,MISSING_SETTLEMENT,False
ORD11030,TXN11030,CLEAN,False
ORD11031,TXN11031,AMOUNT_MISMATCH,False
ORD11032,TXN11032,MISSING_PAYMENT,False
ORD11033,TXN11033,DATE_MISMATCH,False
ORD11034,TXN11034,CLEAN,True
ORD11035,TXN11035,DATE_MISMATCH,False
ORD11036,TXN11036,CLEAN,False
ORD11037,TXN11037,CLEAN,False
ORD11038,TXN11038,AMOUNT_MISMATCH,False
ORD11039,TXN11039,CLEAN,True
ORD11040,TXN11040,CLEAN,False
ORD11041,TXN11041,CLEAN,False
ORD11042,TXN11042,CLEAN,False
ORD11043,TXN11043,CLEAN,False
ORD11044,TXN11044,AMOUNT_MISMATCH,True
ORD11045,TXN11045,CLEAN,False
ORD11046,TXN11046,MISSING_PAYMENT,False
ORD11047,TXN11047,CLEAN,False
ORD11048,TXN11048,CLEAN,False
ORD11049,TXN11049,CLEAN,False
ORD11050,TXN11050,CLEAN,False
ORD11051,TXN11051,CLEAN,False
ORD11052,TXN11052,CLEAN,False
ORD11053,TXN11053,CLEAN,False
ORD11054,TXN11054,CLEAN,True
ORD11055,TXN11055,CLEAN,False
ORD11056,TXN11056,MISSING_PAYMENT,False
ORD11057,TXN11057,CLEAN,False
ORD11058,TXN11058,DATE_MISMATCH,False
ORD11059,TXN11059,CURRENCY_MISMATCH,False
ORD11060,TXN11060,MISSING_SETTLEMENT,False
ORD11061,TXN11061,CURRENCY_MISMATCH,False
ORD11062,TXN11062,CLEAN,False
ORD11063,TXN11063,CLEAN,True
ORD11064,TXN11064,CLEAN,False
ORD11065,TXN11065,CLEAN,True
ORD11066,TXN11066,CLEAN,False
ORD11067,TXN11067,CLEAN,False
ORD11068,TXN11068,CLEAN,False
ORD11069,TXN11069,MISSING_SETTLEMENT,False
ORD11070,TXN11070,CLEAN,False
ORD11071,TXN11071,CLEAN,False
ORD11072,TXN11072,AMOUNT_MISMATCH,False
ORD11073,TXN11073,CLEAN,False
ORD11074,TXN11074,CLEAN,False
ORD11075,TXN11075,CLEAN,False
ORD11076,TXN11076,CLEAN,False
ORD11077,TXN11077,UNEXPECTED_FEE,False
ORD11078,TXN11078,CLEAN,False
ORD11079,TXN11079,CLEAN,False
ORD11080,TXN11080,CLEAN,False
ORD11081,TXN11081,CLEAN,False
ORD11082,TXN11082,MISSING_SETTLEMENT,False
ORD11083,TXN11083,CLEAN,False
ORD11084,TXN11084,CLEAN,False
ORD11085,TXN11085,CLEAN,False
ORD11086,TXN11086,CLEAN,False
ORD11087,TXN11087,MISSING_INVOICE,False
ORD11088,TXN11088,AMOUNT_MISMATCH,False
ORD11089,TXN11089,DATE_MISMATCH,False
ORD11090,TXN11090,CLEAN,False
ORD11091,TXN11091,AMOUNT_MISMATCH,False
ORD11092,TXN11092,CLEAN,False
ORD11093,TXN11093,MISSING_PAYMENT,False
ORD11094,TXN11094,DATE_MISMATCH,False
ORD11095,TXN11095,CLEAN,False
ORD11096,TXN11096,DUPLICATE_TRANSACTION,True
ORD11097,TXN11097,POSSIBLE_DUPLICATE,False
ORD11098,TXN11098,CLEAN,False
ORD11099,TXN11099,DUPLICATE_TRANSACTION,False
ORD11100,TXN11100,CLEAN,False
