settlement_id,transaction_id,settled_amount,settlement_date,fee,currency,bank_reference,settlement_status
STL10001,TXN10001,69673.22,2026-06-28,1421.90,INR,BANKREF20001,settled
STL10002,  TXN10002  ,66872.09,2026-06-17,"₹1,364.74",INR,BANKREF20002,settled
STL10003,TXN10003,43077.91,2026-06-06,879.14,USD,BANKREF20003,settled
STL10004,TXN10004,39785.42,2026-07-08,811.95,INR,BANKREF20004,settled
STL10005,  TXN10005  ,7249.60,18-Jul-2026,147.95 INR,INR,BANKREF20005,settled
STL10006,TXN10006,6106.32,2026-07-11,124.62,INR,BANKREF20006,settled
STL10007,TXN10007,37674.89,2026-06-13,768.88,INR,BANKREF20007,settled
STL10008,TXN10008,56219.03,2026-07-10,1147.33,INR,BANKREF20008,settled
STL10009,TXN10009,54406.36,2026-06-08,5380.85,USD,BANKREF20009,settled
STL10010,TXN10010,4178.78,2026-07-17,92.88,INR,BANKREF20010,settled
STL10011,TXN10011,1605.97,2026-07-01,35.80,INR,BANKREF20011,settled
STL10012,TXN10012,54295.35,2026-07-15,1108.07,INR,BANKREF20012,settled
STL10013,TXN10013,20491.95,2026-06-27,418.20,USD,BANKREF20013,settled
STL10014,  TXN10014  ,"70,397.39",06-13-2026,1436.68 INR,INR,BANKREF20014,settled
STL10015,TXN10015,27201.95,2026-02-30,555.14,USD,BANKREF20015,settled
STL10016,TXN10016,28899.40,2026-06-27,589.78,USD,BANKREF20016,settled
STL10017,TXN10017,72374.57,2026-06-30,1477.03,INR,BANKREF20017,settled
STL10018,TXN10018,10874.82,2026-06-08,228.59,USD,BANKREF20018,settled
STL10019,TXN10019,70231.26,2026-07-11,1433.29,INR,BANKREF20019,settled
STL10020,  TXN10020  ,"₹22,988.59",13/06/2026,469.15 INR,INR,BANKREF20020,settled
STL10021,TXN10021,21978.38,2026-07-14,448.54,USD,BANKREF20021,settled
STL10022,TXN10022,66765.99,2026-06-26,1362.57,INR,BANKREF20022,settled
STL10023,TXN10023,59664.55,2026-07-22,1217.64,USD,BANKREF20023,settled
STL10024,txn10024,36269.17 INR,18-Jul-2026,740.19 INR,USD,BANKREF20024,settled
STL10025,TXN10025,16748.93,2026-06-15,341.82,INR,BANKREF20025,settled
STL10026,TXN10026,58793.45,2026-06-09,1199.87,INR,BANKREF20026,settled
STL10027,TXN10027,65353.18,2026-06-30,1333.74,INR,BANKREF20027,settled
STL10028,TXN10028,53299.67,2026-06-14,1087.75,INR,BANKREF20028,settled
STL10029,TXN10029,60765.52,2026-07-02,1240.11,USD,BANKREF20029,settled
STL10030,TXN10030,19770.46,2026-07-31,790.82,INR,BANKREF20030,partial
STL10031,TXN10031,15477.91,2026-07-06,320.74,INR,BANKREF20031,settled
STL10033,txn10033,"11,243.10",04-Jul-2026,₹229.45,USD,BANKREF20033,settled
STL10034,TXN10034,64928.68,2026-06-07,1325.08,INR,BANKREF20034,settled
STL10035,TXN10035,2143.41,2026-07-31,43.74,USD,BANKREF20035,settled
STL10036,TXN10036,34726.42,2026-07-25,3434.48,INR,BANKREF20036,settled
STL10037,TXN10037,10163.94,2026-06-10,207.43,INR,BANKREF20037,settled
STL10038,TXN10038,49238.59,2026-07-22,1004.87,INR,BANKREF20038,settled
STL10039,TXN10039,71117.72,2026-06-16,1451.38,INR,BANKREF20039,settled
STL10040,TXN10040,11949.93,2026-06-29,243.88,INR,BANKREF20040,settled
STL10041,  TXN10041  ,6582.37 INR,2026-06-26,₹140.11,INR,BANKREF20041,settled
STL10042,TXN10042,20057.50,2026-07-30,409.34,INR,BANKREF20042,settled
STL10043,TXN10043,29719.80,2026-07-06,610.11,INR,BANKREF20043,settled
STL10044,TXN10044,31317.12,2026-06-07,639.13,INR,BANKREF20044,settled
STL10045,TXN10045,62946.89,2026-06-07,1284.63,USD,BANKREF20045,settled
STL10046,TXN10046,68117.38,2026-06-19,1390.15,INR,BANKREF20046,settled
STL10048,TXN10048,49435.68,2026-06-19,1008.89,USD,BANKREF20048,settled
STL10049,TXN10049,53907.57,2026-07-08,1100.15,INR,BANKREF20049,settled
STL10050,TXN10050,48287.11,2026-07-08,985.45,INR,BANKREF20050,settled
STL10051,TXN10051,25253.21,2026-07-26,515.37,INR,BANKREF20051,settled
STL10052,TXN10052,72170.10,2026-07-26,1472.86,INR,BANKREF20052,settled
STL10053,TXN10053,6299.36,2026-07-27,128.56,INR,BANKREF20053,settled
STL10054,TXN10054,3418.52,2026-06-14,69.77,INR,BANKREF20054,settled
STL10055,TXN10055,23846.04,2026-06-04,486.65,USD,BANKREF20055,settled
STL10057,TXN10057,19303.67,2026-06-07,397.72,INR,BANKREF20057,settled
STL10058,TXN10058,6299.20,2026-07-06,128.56,INR,BANKREF20058,settled
STL10059,TXN10059,11068.89,2026-07-20,225.90,INR,BANKREF20059,settled
STL10060,TXN10060,10010.63,2026-07-07,210.68,USD,BANKREF20060,settled
STL10061,TXN10061,6343.90,2026-06-05,129.47,INR,BANKREF20061,settled
STL10062,TXN10062,3825.38,2026-06-04,78.07,USD,BANKREF20062,settled
STL10063,TXN10063,33638.93,2026-06-08,686.51,INR,BANKREF20063,settled
STL10064,TXN10064,54835.92,2026-07-02,1119.10,INR,BANKREF20064,settled
STL10065,TXN10065,17034.50,2026-07-13,347.64,INR,BANKREF20065,settled
STL10066,TXN10066,56395.14,2026-07-12,1150.92,INR,BANKREF20066,settled
STL10067,TxN10067,45691.71,06-12-2026,932.48 INR,INR,BANKREF20067,settled
STL10068,TXN10068,37249.10,2026-07-07,1489.96,INR,BANKREF20068,partial
STL10069,TXN10069,5710.63,2026-07-05,116.54,INR,BANKREF20069,settled
STL10070,TXN10070,5574.73,2026-06-07,113.77,INR,BANKREF20070,settled
STL10071,TXN10071,20618.85,2026-06-10,420.79,USD,BANKREF20071,settled
STL10072,TXN10072,361.55,2026-07-04,7.38,INR,BANKREF20072,settled
STL10073,TXN10073,23298.76,2026-07-26,475.49,INR,BANKREF20073,settled
STL10074,TXN10074,52435.36,2026-07-30,1070.11,INR,BANKREF20074,settled
STL10075,TXN10075,5705.96,2026-08-01,116.45,USD,BANKREF20075,settled
STL10076,TXN10076,61364.89,2026-06-21,1252.34,INR,BANKREF20076,settled
STL10077,TXN10077,14033.30,2026-06-27,286.39,INR,BANKREF20077,settled
STL10078,txn10078,37525.84 INR,20-Jul-2026,"₹3,711.35",USD,BANKREF20078,settled
STL10079,TXN10079,25323.54,2026-06-22,516.81,INR,BANKREF20079,settled
STL10080,TXN10080,22179.99,2026-07-07,452.65,INR,BANKREF20080,settled
STL10081,TXN10081,66597.27,2026-07-04,1359.13,USD,BANKREF20081,settled
STL10082,TxN10082,40306.54 INR,18/06/2026,₹822.58,INR,BANKREF20082,settled
STL10083,TXN10083,15512.78,2026-06-21,316.59,USD,BANKREF20083,settled
STL10084,TXN10084,50507.05,2026-07-20,1030.76,INR,BANKREF20084,settled
STL10085,TXN10085,29440.97,2026-06-30,600.84,INR,BANKREF20085,settled
STL10086,REF_C77TQQ,52177.58,2026-07-29,1064.85,INR,BANKREF20086,settled
STL10087,TXN10087,11429.68,2026-07-05,233.26,INR,BANKREF20087,settled
STL10088,TXN10088,198.27,2026-06-10,4.05,USD,BANKREF20088,settled
STL10089,TXN10089,38872.84,2026-06-30,793.32,INR,BANKREF20089,settled
STL10090,TXN10090,13983.61,2026-06-20,289.17,USD,BANKREF20090,settled
STL10091,TXN10091,70486.11,2026-07-15,1438.49,INR,BANKREF20091,settled
STL10092,TXN10092,70609.01,2026-07-18,1441.00,INR,BANKREF20092,settled
STL10093,TXN10093,5618.16,2026-06-17,555.64,INR,BANKREF20093,settled
STL10094,TXN10094,52825.02,2026-06-27,1078.06,INR,BANKREF20094,settled
STL10095,TXN10095,15161.45,2026-06-15,309.42,INR,BANKREF20095,settled
STL10096,TXN10096,8099.41,2026-07-12,165.29,INR,BANKREF20096,settled
STL10097,TXN10097,69738.98,2026-06-13,1423.24,INR,BANKREF20097,settled
STL10098,TXN10098,3903.20,2026-06-07,79.66,INR,BANKREF20098,settled
STL10100,TXN10100,61691.60,2026-06-24,1259.01,INR,BANKREF20100,settled
STL10101,REF_M33PBR,30940.29,2026-07-29,631.43,INR,BANKREF20101,settled
STL10102,TXN10102,67591.61,2026-06-14,1379.42,USD,BANKREF20102,settled
STL10103,TXN10103,18302.66,2026-07-13,373.52,INR,BANKREF20103,settled
STL10104,  TXN10104  ,18893.87 INR,07-21-2026,387.01 INR,INR,BANKREF20104,settled
STL10105,REF_63ERA7,60729.39,2026-06-09,1239.38,INR,BANKREF20105,settled
STL10106,TXN10106,44671.67,2026-06-24,911.67,INR,BANKREF20106,settled
STL10108,TXN10108,6067.93,2026-07-01,242.72,INR,BANKREF20108,partial
STL10109,TXN10109,3661.03,2026-07-03,146.44,INR,BANKREF20109,partial
STL10110,TXN10110,33930.73,2026-07-30,692.46,INR,BANKREF20110,settled
STL10111,TXN10111,20606.29,2026-06-20,420.54,INR,BANKREF20111,settled
STL10112,TXN10112,13731.43,2026-06-29,280.23,INR,BANKREF20112,settled
STL10114,TXN10114,7609.41,2026-07-03,155.29,INR,BANKREF20114,settled
STL10115,TXN10115,8771.83,2026-06-05,350.87,INR,BANKREF20115,partial
STL10116,TXN10116,63673.48,2026-06-30,1299.46,USD,BANKREF20116,settled
STL10117,TXN10117,52191.85,2026-06-24,1065.14,USD,BANKREF20117,settled
STL10118,TXN10118,2904.60,2026-07-19,59.28,INR,BANKREF20118,settled
STL10119,  TXN10119  ,"₹13,688.02",22-Jun-2026,279.35,INR,BANKREF20119,settled
STL10121,TXN10121,64962.97,2026-07-12,1325.78,USD,BANKREF20121,settled
STL10122,TXN10122,15047.58,2026-06-02,307.09,INR,BANKREF20122,settled
STL10123,TXN10123,64900.07,2026-07-03,1324.49,USD,BANKREF20123,settled
STL10124,TXN10124,6633.06,2026-07-11,135.37,INR,BANKREF20124,settled
STL10125,TXN10125,20892.42,2026-07-06,426.38,INR,BANKREF20125,settled
STL10126,txn10126,"9,394.39",01/08/2026,191.72,USD,BANKREF20126,settled
STL10127,TXN10127,16109.68,2026-06-27,328.77,USD,BANKREF20127,settled
STL10128,TXN10128,71348.75,2026-07-26,1456.10,INR,BANKREF20128,settled
STL10130,TXN10130,42863.82,2026-06-29,874.77,INR,BANKREF20130,settled
STL10131,TXN10131,45525.90,2026-07-03,929.10,INR,BANKREF20131,settled
STL10132,TXN10132,7957.60,2026-06-12,162.40,INR,BANKREF20132,settled
STL10133,TxN10133,"3,081.91",2026-06-12,₹62.90,INR,BANKREF20133,settled
STL10134,  TXN10134  ,"53,834.46",2026-07-26,1098.66 INR,USD,BANKREF20134,settled
STL10135,TXN10135,20283.01,2026-07-24,413.94,USD,BANKREF20135,settled
STL10136,TXN10136,45303.81,2026-06-18,924.57,INR,BANKREF20136,settled
STL10137,TXN10137,49987.87,2026-07-29,1020.16,INR,BANKREF20137,settled
STL10138,TXN10138,46805.06,2026-06-26,955.21,INR,BANKREF20138,settled
STL10139,TXN10139,27685.22,2026-06-26,1107.41,INR,BANKREF20139,partial
STL10140,REF_JX9VXL,32562.35,2026-06-15,664.54,INR,BANKREF20140,settled
STL10141,TXN10141,16366.64,2026-06-20,334.01,INR,BANKREF20141,settled
STL10142,TxN10142,16779.31 INR,15/07/2026,342.44,INR,BANKREF20142,settled
STL10143,TXN10143,26980.35,2026-07-27,550.62,INR,BANKREF20143,settled
STL10145,TXN10145,4218.10,2026-07-26,86.08,INR,BANKREF20145,settled
STL10146,  TXN10146  ,"18,338.18",2026-07-29,₹374.25,INR,BANKREF20146,settled
STL10147,TXN10147,30426.11,2026-07-07,620.94,INR,BANKREF20147,settled
STL10148,TXN10148,11636.38,2026-06-23,465.46,USD,BANKREF20148,partial
STL10149,TXN10149,27635.40,2026-06-29,563.99,INR,BANKREF20149,settled
STL10150,txn10150,19287.24,07-15-2026,393.62 INR,INR,BANKREF20150,settled
STL10151,TXN10151,19209.58,2026-06-19,392.03,INR,BANKREF20151,settled
STL10152,TXN10152,64703.85,2026-06-24,1320.49,INR,BANKREF20152,settled
STL10153,TXN10153,63041.88,2026-06-29,1286.57,INR,BANKREF20153,settled
STL10154,TXN10154,43062.56,2026-07-08,878.83,USD,BANKREF20154,settled
STL10155,TXN10155,68284.70,2026-06-24,1393.57,USD,BANKREF20155,settled
STL10156,txn10156,"₹50,938.08",12-Jul-2026,"₹1,039.55",INR,BANKREF20156,settled
STL10157,TXN10157,2583.44,2026-08-03,52.72,INR,BANKREF20157,settled
STL10159,TXN10159,19267.64,2026-06-25,393.22,INR,BANKREF20159,settled
STL10160,TXN10160,35043.43,2026-06-20,715.17,USD,BANKREF20160,settled
STL10161,TXN10161,56839.65,2026-06-26,1159.99,USD,BANKREF20161,settled
STL10162,TXN10162,60273.78,2026-06-12,1230.08,USD,BANKREF20162,settled
STL10163,TXN10163,36125.39,2026-07-05,737.25,INR,BANKREF20163,settled
STL10164,TXN10164,64424.22,2026-06-21,6371.63,USD,BANKREF20164,settled
STL10165,txn10165,69001.29,21-Jul-2026,"₹1,408.19",INR,BANKREF20165,settled
STL10166,TXN10166,15227.39,2026-06-19,310.76,INR,BANKREF20166,settled
STL10167,TXN10167,69383.62,2026-06-11,1415.99,INR,BANKREF20167,settled
STL10168,TXN10168,24075.51,2026-06-11,491.34,USD,BANKREF20168,settled
STL10169,TXN10169,50676.49,2026-06-20,1034.21,INR,BANKREF20169,settled
STL10170,TXN10170,37364.45,2026-06-21,762.54,INR,BANKREF20170,settled
STL10171,TXN10171,71647.87,2026-07-18,1462.20,INR,BANKREF20171,settled
STL10172,TXN10172,19086.23,2026-07-18,389.51,INR,BANKREF20172,settled
STL10173,TXN10173,72313.30,2026-07-22,1475.78,INR,BANKREF20173,settled
STL10174,TXN10174,20709.60,2026-07-29,422.65,INR,BANKREF20174,settled
STL10175,TXN10175,36834.71,2026-07-14,751.73,INR,BANKREF20175,settled
STL10176,TXN10176,503.00,2026-06-17,10.27,INR,BANKREF20176,settled
STL10177,TXN10177,62669.09,2026-07-16,1278.96,USD,BANKREF20177,settled
STL10178,TXN10178,65774.01,2026-06-19,1342.33,INR,BANKREF20178,settled
STL10180,TXN10180,65755.68,2026-06-22,1341.95,INR,BANKREF20180,settled
STL10181,REF_M4QHRA,39981.71,2026-06-14,815.95,INR,BANKREF20181,settled
STL10182,TXN10182,25264.01,2026-07-20,515.59,USD,BANKREF20182,settled
STL10183,TXN10183,53615.88,2026-07-12,1094.20,INR,BANKREF20183,settled
STL10185,REF_QF7C2G,16571.41,2026-07-20,338.19,INR,BANKREF20185,settled
STL10186,TXN10186,52999.17,2026-07-25,1081.62,USD,BANKREF20186,settled
STL10187,TXN10187,47780.49,2026-07-22,975.11,USD,BANKREF20187,settled
STL10188,TXN10188,50558.32,2026-06-30,1031.80,INR,BANKREF20188,settled
STL10190,TXN10190,4286.53,2026-07-26,87.48,INR,BANKREF20190,settled
STL10191,TXN10191,1197.99,2026-06-03,24.45,USD,BANKREF20191,settled
STL10192,TXN10192,42560.11,2026-07-26,868.57,INR,BANKREF20192,settled
STL10193,TXN10193,58208.48,2026-06-12,1187.93,INR,BANKREF20193,settled
STL10194,TXN10194,57944.20,2026-07-27,1182.53,USD,BANKREF20194,settled
STL10195,TXN10195,49367.52,2026-06-09,1007.50,INR,BANKREF20195,settled
STL10196,TXN10196,40997.82,2026-07-02,836.69,INR,BANKREF20196,settled
STL10197,TXN10197,39701.51,2026-07-28,810.24,INR,BANKREF20197,settled
STL10198,TXN10198,36623.32,2026-06-22,747.41,USD,BANKREF20198,settled
STL10199,TXN10199,46858.07,2026-07-14,956.29,INR,BANKREF20199,settled
STL10200,TXN10200,59450.83,2026-06-08,1213.28,INR,BANKREF20200,settled
STL10202,TXN10202,40764.74,2026-07-25,831.93,INR,BANKREF20202,settled
STL10203,TXN10203,36911.54,2026-07-27,1476.46,USD,BANKREF20203,partial
STL10204,TXN10204,11925.17,2026-06-21,477.01,INR,BANKREF20204,partial
STL10205,TXN10205,65102.91,2026-07-06,1328.63,USD,BANKREF20205,settled
STL10208,TxN10208,48809.01 INR,07-28-2026,996.10,INR,BANKREF20208,settled
STL10209,TXN10209,31710.41,2026-07-15,647.15,USD,BANKREF20209,settled
STL10210,TXN10210,60556.51,2026-07-22,1237.48,INR,BANKREF20210,settled
STL10211,TXN10211,43688.71,2026-08-03,891.61,INR,BANKREF20211,settled
STL10213,txn10213,"72,519.95",17-Aug-2026,"1,480.00",INR,BANKREF20213,settled
STL10214,TXN10214,21615.30,2026-07-07,441.13,INR,BANKREF20214,settled
STL10215,TXN10215,934.85,2026-06-04,19.08,INR,BANKREF20215,settled
STL10216,REF_CNUPYF,22930.62,2026-07-20,467.97,INR,BANKREF20216,settled
STL10217,TXN10217,70115.62,2026-06-13,1430.93,INR,BANKREF20217,settled
STL10218,  TXN10218  ,12554.02 INR,21-Jun-2026,502.16,USD,BANKREF20218,partial
STL10219,TXN10219,56723.63,2026-06-17,1157.63,USD,BANKREF20219,settled
STL10220,TXN10220,31110.34,2026-07-10,634.91,INR,BANKREF20220,settled
STL10221,TXN10221,10888.03,2026-07-27,222.20,USD,BANKREF20221,settled
STL10222,TXN10222,39733.70,2026-07-04,810.89,INR,BANKREF20222,settled
STL10223,TXN10223,46279.76,2026-07-02,4577.12,INR,BANKREF20223,settled
STL10224,TXN10224,6535.42,2026-07-25,133.38,USD,BANKREF20224,settled
STL10225,TXN10225,65065.67,2026-07-05,1327.87,INR,BANKREF20225,settled
STL10226,TXN10226,6864.81,2026-07-24,140.10,INR,BANKREF20226,settled
STL10227,TXN10227,18177.27,2026-08-01,370.96,INR,BANKREF20227,settled
STL10228,TXN10228,57890.88,2026-06-13,1181.45,INR,BANKREF20228,settled
STL10229,TXN10229,7004.01,2026-07-05,142.94,INR,BANKREF20229,settled
STL10230,TXN10230,63171.84,2026-06-20,6247.76,INR,BANKREF20230,settled
STL10231,TXN10231,14851.00,2026-06-15,303.08,INR,BANKREF20231,settled
STL10232,TXN10232,35832.70,2026-07-26,731.28,INR,BANKREF20232,settled
STL10233,TXN10233,18976.53,2026-07-08,387.28,INR,BANKREF20233,settled
STL10234,TXN10234,27323.62,2026-06-18,557.62,INR,BANKREF20234,settled
STL10235,TxN10235,"66,361.98",07-29-2026,"₹1,354.33",USD,BANKREF20235,settled
STL10236,TXN10236,43512.73,2026-07-21,888.02,USD,BANKREF20236,settled
STL10237,TXN10237,27622.52,2026-06-28,563.72,INR,BANKREF20237,settled
STL10238,TXN10238,52743.87,2026-06-14,1076.41,INR,BANKREF20238,settled
STL10239,REF_WQM3RW,65330.92,2026-06-10,1333.28,INR,BANKREF20239,settled
STL10240,TXN10240,16367.62,2026-06-06,334.03,INR,BANKREF20240,settled
STL10241,TXN10241,30799.34,2026-06-18,628.56,INR,BANKREF20241,settled
STL10242,TXN10242,36138.89,2026-06-24,737.53,INR,BANKREF20242,settled
STL10243,TXN10243,41198.90,2026-07-26,840.79,INR,BANKREF20243,settled
STL10244,TXN10244,73359.48,2026-07-31,1497.13,INR,BANKREF20244,settled
STL10245,  TXN10245  ,10693.66 INR,12/07/2026,218.24 INR,INR,BANKREF20245,settled
STL10246,TXN10246,42035.48,2026-06-12,857.87,INR,BANKREF20246,settled
STL10247,TxN10247,"44,075.38",07-25-2026,901.78,INR,BANKREF20247,settled
STL10248,TXN10248,38153.94,2026-07-05,778.65,INR,BANKREF20248,settled
STL10249,TXN10249,9881.16,2026-07-14,201.66,INR,BANKREF20249,settled
STL10250,TxN10250,"42,298.26",07-27-2026,863.23,INR,BANKREF20250,settled
STL10251,TXN10251,32867.50,2026-06-03,670.77,INR,BANKREF20251,settled
STL10252,txn10252,"45,539.64",06-14-2026,₹929.38,INR,BANKREF20252,settled
STL10253,TxN10253,7648.47 INR,2026-07-28,₹156.09,INR,BANKREF20253,settled
STL10255,TXN10255,69697.36,2026-06-05,1422.40,INR,BANKREF20255,settled
STL10256,TxN10256,2755.69,08-03-2026,56.24,USD,BANKREF20256,settled
STL10257,TXN10257,18395.97,2026-07-01,375.43,INR,BANKREF20257,settled
STL10258,TXN10258,23905.95,2026-06-15,487.88,INR,BANKREF20258,settled
STL10259,TXN10259,23763.77,2026-07-23,950.55,INR,BANKREF20259,partial
STL10261,REF_KXEV8S,9030.99,2026-06-02,184.31,INR,BANKREF20261,settled
STL10262,TXN10262,34333.96,2026-07-07,700.69,INR,BANKREF20262,settled
STL10263,TXN10263,21260.33,2026-06-18,433.88,USD,BANKREF20263,settled
STL10264,TXN10264,51100.25,2026-06-17,1042.86,USD,BANKREF20264,settled
STL10265,TXN10265,45078.73,2026-07-02,919.97,INR,BANKREF20265,settled
STL10266,TXN10266,37300.06,2026-07-09,3689.02,USD,BANKREF20266,settled
STL10267,TXN10267,12239.14,2026-06-19,489.57,USD,BANKREF20267,partial
STL10268,TXN10268,40551.94,2026-07-12,827.59,INR,BANKREF20268,settled
STL10269,  TXN10269  ,26090.63 INR,22/07/2026,532.46,INR,BANKREF20269,settled
STL10270,TXN10270,19819.84,2026-07-13,404.49,USD,BANKREF20270,settled
STL10271,TXN10271,30223.49,2026-07-08,616.81,INR,BANKREF20271,settled
STL10272,TXN10272,44677.51,2026-06-27,911.79,USD,BANKREF20272,settled
STL10273,TXN10273,21194.64,2026-06-27,440.79,INR,BANKREF20273,settled
STL10274,TXN10274,32690.75,2026-06-15,667.16,INR,BANKREF20274,settled
STL10275,TXN10275,60407.88,2026-07-07,1232.81,INR,BANKREF20275,settled
STL10276,TXN10276,1975.27,2026-06-20,40.31,INR,BANKREF20276,settled
STL10277,TXN10277,38079.71,2026-07-06,777.14,INR,BANKREF20277,settled
STL10279,TXN10279,36596.69,2026-07-14,752.36,INR,BANKREF20279,settled
STL10280,TXN10280,66097.64,2026-07-09,1348.93,USD,BANKREF20280,settled
STL10281,TXN10281,27011.41,2026-06-08,551.25,INR,BANKREF20281,settled
STL10282,TXN10282,60328.35,2026-07-06,1231.19,INR,BANKREF20282,settled
STL10283,TXN10283,15350.51,2026-07-30,313.28,USD,BANKREF20283,settled
STL10284,TXN10284,50873.03,2026-06-03,1038.23,INR,BANKREF20284,settled
STL10285,txn10285,"₹43,126.28",15/07/2026,880.13,INR,BANKREF20285,settled
STL10286,TXN10286,12615.67,2026-07-05,257.46,INR,BANKREF20286,settled
STL10287,TXN10287,50346.41,2026-07-10,1027.48,INR,BANKREF20287,settled
STL10288,txn10288,2512.22,2026-07-13,₹51.27,USD,BANKREF20288,settled
STL10289,TXN10289,4104.60,2026-06-18,83.77,INR,BANKREF20289,settled
STL10290,TXN10290,22388.46,2026-07-31,456.91,INR,BANKREF20290,settled
STL10291,TXN10291,16349.08,2026-06-21,333.65,USD,BANKREF20291,settled
STL10292,TXN10292,12830.87,2026-06-25,261.85,INR,BANKREF20292,settled
STL10293,TXN10293,8530.89,2026-07-06,174.10,INR,BANKREF20293,settled
STL10294,TXN10294,40751.04,2026-06-27,831.65,INR,BANKREF20294,settled
STL10295,TXN10295,48857.07,2026-06-23,997.08,INR,BANKREF20295,settled
STL10296,TXN10296,40092.27,2026-07-22,818.21,INR,BANKREF20296,settled
STL10297,REF_8SIQEZ,15987.78,2026-06-28,326.28,INR,BANKREF20297,settled
STL10298,TXN10298,66131.71,2026-07-11,1349.63,USD,BANKREF20298,settled
STL10299,TXN10299,9311.18,2026-07-22,190.02,INR,BANKREF20299,settled
STL10300,TXN10300,48361.39,2026-07-10,986.97,INR,BANKREF20300,settled
STL10301,TXN10301,23662.77,2026-07-16,482.91,INR,BANKREF20301,settled
STL10302,  TXN10302  ,4936.00,22/06/2026,100.73 INR,INR,BANKREF20302,settled
STL10303,TXN10303,65935.48,2026-06-03,1345.62,INR,BANKREF20303,settled
STL10304,TXN10304,66603.56,2026-06-10,1359.26,INR,BANKREF20304,settled
STL10305,TXN10305,29801.03,2026-07-10,608.18,INR,BANKREF20305,settled
STL10306,TXN10306,40641.18,2026-07-14,829.41,INR,BANKREF20306,settled
STL10307,TXN10307,18368.74,2026-06-29,383.55,USD,BANKREF20307,settled
STL10308,TXN10308,65881.92,2026-07-28,1351.80,INR,BANKREF20308,settled
STL10309,TXN10309,15522.63,2026-08-01,316.79,USD,BANKREF20309,settled
STL10310,TXN10310,73361.24,2026-07-12,1497.17,INR,BANKREF20310,settled
STL10311,TXN10311,68377.18,2026-07-18,1395.45,INR,BANKREF20311,settled
STL10312,TXN10312,37434.54,2026-07-16,763.97,INR,BANKREF20312,settled
STL10313,TXN10313,69998.66,2026-07-26,1428.54,INR,BANKREF20313,settled
STL10314,TXN10314,19202.85,2026-06-05,391.89,USD,BANKREF20314,settled
STL10317,TXN10317,43225.61,2026-06-17,882.16,INR,BANKREF20317,settled
STL10318,TXN10318,71981.24,2026-07-27,1469.01,USD,BANKREF20318,settled
STL10319,TxN10319,"₹35,816.05",05/06/2026,730.94 INR,INR,BANKREF20319,settled
STL10320,  TXN10320  ,12436.53 INR,2026-06-08,253.81,INR,BANKREF20320,settled
STL10322,TxN10322,"10,275.37",2026-06-03,209.70 INR,INR,BANKREF20322,settled
STL10323,TXN10323,23598.07,2026-06-25,481.59,USD,BANKREF20323,settled
STL10324,TXN10324,7969.34,2026-07-23,162.64,INR,BANKREF20324,settled
STL10325,TXN10325,36404.91,2026-06-12,750.30,INR,BANKREF20325,settled
STL10326,  TXN10326  ,32628.91 INR,2026-06-27,₹665.90,INR,BANKREF20326,settled
STL10327,TXN10327,48662.61,2026-07-05,993.11,USD,BANKREF20327,settled
STL10328,TXN10328,66453.36,2026-06-14,1356.19,INR,BANKREF20328,settled
STL10329,TXN10329,6340.24,2026-06-23,129.39,INR,BANKREF20329,settled
STL10331,TXN10331,65066.41,2026-06-05,1327.89,USD,BANKREF20331,settled
STL10332,TXN10332,45108.80,2026-06-27,4461.31,INR,BANKREF20332,settled
STL10333,txn10333,"₹32,495.28",19/06/2026,663.17 INR,USD,BANKREF20333,settled
STL10334,TxN10334,"39,825.12",2026-07-17,₹812.76,INR,BANKREF20334,settled
STL10335,TXN10335,12668.47,2026-06-15,258.54,USD,BANKREF20335,settled
STL10336,TXN10336,29778.57,2026-06-06,607.73,INR,BANKREF20336,settled
STL10337,TXN10337,52024.52,2026-07-01,1061.72,INR,BANKREF20337,settled
STL10338,TXN10338,12429.91,2026-07-20,253.67,INR,BANKREF20338,settled
STL10339,TXN10339,37766.50,2026-07-07,770.75,INR,BANKREF20339,settled
STL10340,TXN10340,7253.06,2026-07-09,151.27,INR,BANKREF20340,settled
STL10341,TXN10341,50764.07,2026-06-03,1041.50,INR,BANKREF20341,settled
STL10342,TXN10342,13697.10,2026-07-27,279.53,INR,BANKREF20342,settled
STL10343,TXN10343,68063.80,2026-07-20,6731.59,USD,BANKREF20343,settled
STL10344,TXN10344,35857.28,2026-07-02,731.78,INR,BANKREF20344,settled
STL10345,TXN10345,71116.59,2026-07-17,1451.36,INR,BANKREF20345,settled
STL10347,TXN10347,24421.16,2026-07-02,498.39,INR,BANKREF20347,settled
STL10348,TXN10348,24598.08,2026-06-16,502.00,INR,BANKREF20348,settled
STL10349,TxN10349,"₹10,261.38",21/06/2026,410.46,INR,BANKREF20349,partial
STL10350,TXN10350,64164.26,2026-08-03,1309.47,INR,BANKREF20350,settled
STL10351,TXN10351,62647.62,2026-06-18,1280.10,USD,BANKREF20351,settled
STL10352,TXN10352,64960.59,2026-07-22,1325.73,INR,BANKREF20352,settled
STL10354,TXN10354,56789.87,2026-08-02,1158.98,USD,BANKREF20354,settled
STL10355,REF_VCGU9M,53435.92,2026-07-07,1090.53,INR,BANKREF20355,settled
STL10356,  TXN10356  ,"₹53,035.88",02/08/2026,1082.37 INR,INR,BANKREF20356,settled
STL10357,TXN10357,3440.08,2026-06-30,73.45,INR,BANKREF20357,settled
STL10358,TxN10358,44214.19 INR,2026-06-07,902.33 INR,INR,BANKREF20358,settled
STL10359,TXN10359,47730.99,2026-06-27,974.10,INR,BANKREF20359,settled
STL10360,TXN10360,23505.36,2026-06-24,940.21,INR,BANKREF20360,partial
STL10361,TXN10361,1014.00,2026-06-23,40.56,INR,BANKREF20361,partial
STL10362,TXN10362,11598.53,2026-06-04,236.70,INR,BANKREF20362,settled
STL10363,TXN10363,24972.73,2026-07-15,517.47,INR,BANKREF20363,settled
STL10365,TXN10365,38510.90,2026-08-01,785.94,INR,BANKREF20365,settled
STL10366,TXN10366,11151.84,2026-07-12,227.59,INR,BANKREF20366,settled
STL10367,TXN10367,9944.37,2026-06-06,202.95,USD,BANKREF20367,settled
STL10368,TXN10368,54239.07,2026-07-31,1106.92,INR,BANKREF20368,settled
STL10369,TXN10369,13188.52,2026-07-17,527.54,INR,BANKREF20369,partial
STL10370,TXN10370,66235.39,2026-06-26,1351.74,INR,BANKREF20370,settled
STL10372,TXN10372,25718.24,2026-07-30,2543.56,USD,BANKREF20372,settled
STL10373,TXN10373,19352.87,2026-06-30,394.96,INR,BANKREF20373,settled
STL10374,TXN10374,21567.21,2026-07-04,449.09,INR,BANKREF20374,settled
STL10375,txn10375,60495.35,22/06/2026,"₹1,234.60",INR,BANKREF20375,settled
STL10376,TXN10376,57337.97,2026-07-28,1170.16,INR,BANKREF20376,settled
STL10377,TXN10377,59188.11,2026-06-11,1207.92,INR,BANKREF20377,settled
STL10378,TXN10378,7258.24,2026-06-13,148.13,INR,BANKREF20378,settled
STL10379,TxN10379,"64,834.99",31-Jul-2026,"₹1,323.16",INR,BANKREF20379,settled
STL10380,TXN10380,32952.53,2026-06-09,1318.10,INR,BANKREF20380,partial
STL10381,TXN10381,50407.03,2026-06-13,1028.72,INR,BANKREF20381,settled
STL10382,TXN10382,70361.30,2026-06-08,1435.94,INR,BANKREF20382,settled
STL10383,TXN10383,51742.37,2026-06-02,1055.97,INR,BANKREF20383,settled
STL10384,TXN10384,30055.00,2026-07-09,613.37,INR,BANKREF20384,settled
STL10385,TXN10385,40026.45,2026-07-08,816.87,INR,BANKREF20385,settled
STL10386,TXN10386,39734.84,2026-06-27,810.92,INR,BANKREF20386,settled
STL10387,TXN10387,17647.79,2026-07-04,360.16,INR,BANKREF20387,settled
STL10388,TXN10388,6470.26,2026-07-12,132.05,USD,BANKREF20388,settled
STL10390,TXN10390,54871.04,2026-07-26,1119.82,INR,BANKREF20390,settled
STL10391,TXN10391,26170.62,2026-06-06,534.09,INR,BANKREF20391,settled
STL10392,TXN10392,48854.72,2026-08-02,997.04,USD,BANKREF20392,settled
STL10393,TXN10393,43367.82,2026-07-10,885.06,USD,BANKREF20393,settled
STL10394,TXN10394,12512.69,2026-06-25,255.36,USD,BANKREF20394,settled
STL10395,TXN10395,23730.73,2026-06-26,484.30,INR,BANKREF20395,settled
STL10396,TXN10396,7643.94,2026-06-25,156.00,INR,BANKREF20396,settled
STL10397,TXN10397,20284.55,2026-06-21,413.97,INR,BANKREF20397,settled
STL10398,TXN10398,53731.30,2026-06-14,1096.56,INR,BANKREF20398,settled
STL10399,TXN10399,48562.75,2026-07-12,991.08,USD,BANKREF20399,settled
STL10400,TXN10400,14545.90,2026-07-10,302.88,USD,BANKREF20400,settled
STL10401,TXN10401,17848.93,2026-07-25,364.26,INR,BANKREF20401,settled
STL10402,TXN10402,31157.74,2026-07-24,635.87,INR,BANKREF20402,settled
STL10403,REF_VJI4EW,27049.33,2026-07-19,552.03,INR,BANKREF20403,settled
STL10404,TXN10404,27429.67,2026-07-31,559.79,USD,BANKREF20404,settled
STL10405,TXN10405,30538.70,2026-07-31,623.24,USD,BANKREF20405,settled
STL10406,TXN10406,41459.25,2026-08-01,846.11,USD,BANKREF20406,settled
STL10407,TXN10407,29283.70,2026-06-12,597.63,INR,BANKREF20407,settled
STL10408,TXN10408,3077.24,2026-07-16,62.80,USD,BANKREF20408,settled
STL10409,TXN10409,16298.45,2026-06-06,332.62,INR,BANKREF20409,settled
STL10410,TXN10410,33442.88,2026-07-25,682.51,USD,BANKREF20410,settled
STL10411,TXN10411,50819.87,2026-06-28,1037.14,USD,BANKREF20411,settled
STL10412,TXN10412,23622.50,2026-06-16,482.09,INR,BANKREF20412,settled
STL10413,TXN10413,23075.81,2026-06-20,470.93,INR,BANKREF20413,settled
STL10414,TXN10414,22621.17,2026-06-18,461.66,INR,BANKREF20414,settled
STL10415,TXN10415,15329.38,2026-07-15,312.84,INR,BANKREF20415,settled
STL10416,TXN10416,26943.18,2026-07-25,549.86,INR,BANKREF20416,settled
STL10417,TXN10417,39227.06,2026-06-29,800.55,INR,BANKREF20417,settled
STL10418,TXN10418,14348.10,2026-06-16,302.42,INR,BANKREF20418,settled
STL10419,TXN10419,64549.48,2026-06-18,1317.34,INR,BANKREF20419,settled
STL10420,TXN10420,36440.38,2026-06-03,746.73,USD,BANKREF20420,settled
STL10421,TXN10421,58961.17,2026-07-08,1203.29,INR,BANKREF20421,settled
STL10422,  TXN10422  ,7088.46,24/07/2026,₹144.66,INR,BANKREF20422,settled
STL10423,TXN10423,21651.40,2026-06-17,441.87,INR,BANKREF20423,settled
STL10424,TXN10424,40375.93,2026-06-16,824.00,INR,BANKREF20424,settled
STL10426,TXN10426,53552.24,2026-06-30,1092.90,INR,BANKREF20426,settled
STL10427,TXN10427,73215.83,2026-08-02,1494.20,INR,BANKREF20427,settled
STL10428,  TXN10428  ,65381.22,07-30-2026,"1,334.31",INR,BANKREF20428,settled
STL10429,TXN10429,25370.20,2026-08-02,517.76,INR,BANKREF20429,settled
STL10430,TXN10430,35407.36,2026-06-23,722.60,INR,BANKREF20430,settled
STL10431,TXN10431,33494.65,2026-07-20,683.56,USD,BANKREF20431,settled
STL10433,TxN10433,"₹12,554.13",2026-08-02,256.21,INR,BANKREF20433,settled
STL10434,TXN10434,39440.48,2026-06-11,804.91,INR,BANKREF20434,settled
STL10435,TXN10435,69785.50,2026-06-20,1424.19,INR,BANKREF20435,settled
STL10436,TxN10436,"36,930.85",2026-07-30,753.69,USD,BANKREF20436,settled
STL10437,  TXN10437  ,"₹28,805.02",05/07/2026,₹591.11,INR,BANKREF20437,settled
STL10438,TXN10438,45478.66,2026-07-17,928.14,INR,BANKREF20438,settled
STL10439,TXN10439,888.23,2026-08-01,18.13,INR,BANKREF20439,settled
STL10440,TXN10440,53957.07,2026-07-15,1101.16,INR,BANKREF20440,settled
STL10441,TXN10441,25742.06,2026-07-17,1029.68,INR,BANKREF20441,partial
STL10442,TxN10442,"₹56,893.28",07-31-2026,"1,169.33",USD,BANKREF20442,settled
STL10443,TXN10443,19131.57,2026-07-18,390.44,USD,BANKREF20443,settled
STL10444,TXN10444,29762.04,2026-07-26,2943.50,INR,BANKREF20444,settled
STL10445,ref_vu5u76,"₹48,191.02",12-Jul-2026,983.49,USD,BANKREF20445,settled
STL10446,TXN10446,16859.13,2026-07-16,344.06,INR,BANKREF20446,settled
STL10447,TXN10447,35995.47,2026-06-20,734.60,INR,BANKREF20447,settled
STL10448,TXN10448,33678.24,2026-06-24,687.31,INR,BANKREF20448,settled
STL10449,TXN10449,21541.06,2026-06-08,439.61,INR,BANKREF20449,settled
STL10451,TXN10451,24515.99,2026-06-12,500.33,INR,BANKREF20451,settled
STL10452,TXN10452,69967.20,2026-07-05,1433.76,INR,BANKREF20452,settled
STL10453,TXN10453,7712.84,2026-06-19,157.40,INR,BANKREF20453,settled
STL10454,TXN10454,54017.02,2026-07-22,1102.39,USD,BANKREF20454,settled
STL10455,REF_XWNSY6,37846.85,2026-06-24,772.38,INR,BANKREF20455,settled
STL10456,txn10456,"26,795.96",04-Jun-2026,₹546.86,INR,BANKREF20456,settled
STL10457,TXN10457,10706.52,2026-07-09,218.50,INR,BANKREF20457,settled
STL10458,TXN10458,47185.09,2026-06-20,962.96,USD,BANKREF20458,settled
STL10460,TXN10460,23895.09,2026-07-25,487.65,INR,BANKREF20460,settled
STL10461,TXN10461,22705.92,2026-07-07,463.39,INR,BANKREF20461,settled
STL10462,TXN10462,57137.12,2026-06-26,1166.06,INR,BANKREF20462,settled
STL10463,TXN10463,23652.63,2026-07-01,482.71,USD,BANKREF20463,settled
STL10464,TXN10464,28395.73,2026-07-04,579.50,INR,BANKREF20464,settled
STL10465,txn10465,57252.20,06-23-2026,1168.41,INR,BANKREF20465,settled
STL10466,TxN10466,"33,103.76",2026-06-03,₹675.59,INR,BANKREF20466,settled
STL10467,TXN10467,47425.58,2026-07-19,967.87,INR,BANKREF20467,settled
STL10468,TXN10468,29457.15,2026-07-05,601.17,INR,BANKREF20468,settled
STL10469,TXN10469,54096.88,2026-06-28,1104.02,INR,BANKREF20469,settled
STL10470,TXN10470,67961.71,2026-06-23,1386.97,INR,BANKREF20470,settled
STL10472,TXN10472,36840.89,2026-07-30,751.86,INR,BANKREF20472,settled
STL10473,TXN10473,45045.90,2026-06-21,919.30,INR,BANKREF20473,settled
STL10474,TXN10474,11631.49,2026-06-26,465.26,INR,BANKREF20474,partial
STL10475,TXN10475,5396.18,2026-07-27,110.13,USD,BANKREF20475,settled
STL10476,TXN10476,19995.97,2026-06-05,414.04,INR,BANKREF20476,settled
STL10477,TXN10477,35604.45,2026-06-22,726.62,INR,BANKREF20477,settled
STL10478,TXN10478,16089.39,2026-07-22,328.35,INR,BANKREF20478,settled
STL10479,TXN10479,59610.58,2026-06-21,1216.54,INR,BANKREF20479,settled
STL10480,TXN10480,7906.38,2026-06-28,170.34,USD,BANKREF20480,settled
STL10481,TXN10481,70662.32,2026-06-25,1442.09,INR,BANKREF20481,settled
STL10482,TXN10482,33093.18,2026-07-16,682.05,INR,BANKREF20482,settled
STL10483,TXN10483,12251.04,2026-07-21,250.02,INR,BANKREF20483,settled
STL10484,TXN10484,58103.03,2026-07-21,1185.78,INR,BANKREF20484,settled
STL10485,TXN10485,52911.66,2026-06-08,1079.83,USD,BANKREF20485,settled
STL10486,TXN10486,41597.78,2026-06-24,848.93,INR,BANKREF20486,settled
STL10487,TXN10487,31001.62,2026-06-04,632.69,INR,BANKREF20487,settled
STL10488,TXN10488,13677.19,2026-07-29,547.09,INR,BANKREF20488,partial
STL10489,TXN10489,62487.41,2026-07-06,1275.25,INR,BANKREF20489,settled
STL10490,TXN10490,63991.15,2026-06-16,6328.79,INR,BANKREF20490,settled
STL10491,TXN10491,11912.42,2026-07-29,243.11,INR,BANKREF20491,settled
STL10492,txn10492,"₹39,093.96",06-03-2026,797.84 INR,USD,BANKREF20492,settled
STL10493,TXN10493,15104.58,2026-06-24,308.26,INR,BANKREF20493,settled
STL10494,TXN10494,42088.14,2026-07-31,858.94,INR,BANKREF20494,settled
STL10495,TXN10495,53276.10,2026-06-07,1087.27,USD,BANKREF20495,settled
STL10496,TXN10496,50894.55,2026-07-04,1038.66,INR,BANKREF20496,settled
STL10497,TXN10497,51459.97,2026-07-25,1050.20,INR,BANKREF20497,settled
STL10498,TXN10498,46627.37,2026-07-19,951.58,INR,BANKREF20498,settled
STL10499,REF_W7JFA1,3671.27,2026-06-19,74.92,INR,BANKREF20499,settled
STL10500,TXN10500,13540.18,2026-07-23,282.03,INR,BANKREF20500,settled
STL10501,TXN10501,5393.08,2026-06-05,110.06,INR,BANKREF20501,settled
STL10502,TXN10502,29235.58,2026-06-04,596.64,INR,BANKREF20502,settled
STL10504,txn10504,38242.79 INR,07-16-2026,780.47 INR,USD,BANKREF20504,settled
STL10505,TXN10505,36368.56,2026-07-08,742.22,INR,BANKREF20505,settled
STL10506,TXN10506,8441.57,2026-07-17,172.28,INR,BANKREF20506,settled
STL10507,TXN10507,42268.32,2026-06-15,862.62,USD,BANKREF20507,settled
STL10508,TXN10508,52703.07,2026-06-03,1075.57,INR,BANKREF20508,settled
STL10509,TXN10509,69297.47,2026-07-01,1414.23,USD,BANKREF20509,settled
STL10510,TXN10510,14366.84,2026-06-14,574.67,INR,BANKREF20510,partial
STL10511,TXN10511,59085.58,2026-06-04,1205.83,INR,BANKREF20511,settled
STL10512,TXN10512,225.05,2026-08-03,4.59,INR,BANKREF20512,settled
STL10513,TXN10513,60687.06,2026-06-24,1238.51,INR,BANKREF20513,settled
STL10515,TXN10515,26800.36,2026-07-01,1072.01,INR,BANKREF20515,partial
STL10516,TXN10516,50516.29,2026-07-16,1030.94,USD,BANKREF20516,settled
STL10517,TXN10517,70607.35,2026-06-09,1440.97,INR,BANKREF20517,settled
STL10518,TXN10518,10522.65,2026-06-07,214.75,USD,BANKREF20518,settled
STL10519,txn10519,53651.97 INR,08-Jul-2026,"1,094.94",INR,BANKREF20519,settled
STL10520,TXN10520,15364.92,2026-07-17,614.60,INR,BANKREF20520,partial
STL10521,TXN10521,61189.48,2026-06-03,1248.76,INR,BANKREF20521,settled
STL10522,TXN10522,20478.00,2026-06-02,417.92,INR,BANKREF20522,settled
STL10523,TXN10523,22997.33,2026-06-18,469.33,USD,BANKREF20523,settled
STL10524,TXN10524,47972.83,2026-07-08,979.04,INR,BANKREF20524,settled
STL10525,TXN10525,68806.25,2026-06-25,1404.21,INR,BANKREF20525,settled
STL10526,TXN10526,27292.15,2026-06-12,556.98,INR,BANKREF20526,settled
STL10527,TXN10527,68527.38,2026-06-04,1398.52,INR,BANKREF20527,settled
STL10528,TXN10528,47179.89,2026-07-04,962.86,INR,BANKREF20528,settled
STL10529,TXN10529,17333.75,2026-06-04,353.75,INR,BANKREF20529,settled
STL10530,TXN10530,6479.79,2026-06-10,640.86,INR,BANKREF20530,settled
STL10531,TXN10531,8782.22,2026-06-07,179.23,INR,BANKREF20531,settled
STL10532,TXN10532,5347.49,2026-06-16,109.13,INR,BANKREF20532,settled
STL10533,TXN10533,38622.33,2026-06-17,788.21,INR,BANKREF20533,settled
STL10534,TXN10534,35136.43,2026-07-01,717.07,INR,BANKREF20534,settled
STL10535,TXN10535,7286.36,2026-06-21,148.70,INR,BANKREF20535,settled
STL10537,TXN10537,10743.93,2026-07-24,219.26,INR,BANKREF20537,settled
STL10538,TXN10538,51462.23,2026-06-04,1050.25,USD,BANKREF20538,settled
STL10539,TXN10539,21030.15,2026-06-12,429.19,INR,BANKREF20539,settled
STL10540,TXN10540,29605.02,2026-07-15,604.18,INR,BANKREF20540,settled
STL10541,TXN10541,27529.24,2026-07-28,561.82,INR,BANKREF20541,settled
STL10542,TXN10542,61309.37,2026-06-14,1251.21,INR,BANKREF20542,settled
STL10543,TXN10543,29971.09,2026-06-25,611.66,INR,BANKREF20543,settled
STL10544,TxN10544,17302.92,27/07/2026,359.17 INR,INR,BANKREF20544,settled
STL10545,TXN10545,36011.37,2026-06-13,1440.45,INR,BANKREF20545,partial
STL10546,TXN10546,12247.09,2026-06-30,253.29,INR,BANKREF20546,settled
STL10547,TXN10547,58722.78,2026-07-19,5807.75,INR,BANKREF20547,settled
STL10548,TXN10548,67244.39,2026-06-09,1372.33,USD,BANKREF20548,settled
STL10549,TXN10549,30933.21,2026-07-06,631.29,INR,BANKREF20549,settled
STL10550,TXN10550,48405.50,2026-07-10,987.87,INR,BANKREF20550,settled
STL10551,TXN10551,65979.41,2026-07-22,1346.52,USD,BANKREF20551,settled
STL10552,TXN10552,70292.47,2026-06-20,1434.54,INR,BANKREF20552,settled
STL10553,TXN10553,15683.76,2026-06-23,320.08,INR,BANKREF20553,settled
STL10554,TXN10554,34266.97,2026-06-22,699.33,INR,BANKREF20554,settled
STL10555,TXN10555,30128.10,2026-06-11,614.86,USD,BANKREF20555,settled
STL10558,TXN10558,42447.96,2026-06-24,866.29,INR,BANKREF20558,settled
STL10559,TXN10559,50974.26,2026-07-15,1040.29,INR,BANKREF20559,settled
STL10560,TXN10560,61428.29,2026-07-14,1253.64,INR,BANKREF20560,settled
STL10561,TXN10561,12092.46,2026-06-17,246.78,INR,BANKREF20561,settled
STL10562,TXN10562,30358.52,2026-07-07,619.56,USD,BANKREF20562,settled
STL10563,TXN10563,386.87,2026-06-16,7.90,USD,BANKREF20563,settled
STL10564,TXN10564,6151.69,2026-06-07,125.54,INR,BANKREF20564,settled
STL10565,TXN10565,23598.33,2026-07-10,481.60,INR,BANKREF20565,settled
STL10566,TXN10566,19590.43,2026-06-07,399.80,INR,BANKREF20566,settled
STL10567,TXN10567,24751.84,2026-07-03,513.86,INR,BANKREF20567,settled
STL10568,TXN10568,21762.15,2026-06-03,444.13,INR,BANKREF20568,settled
STL10569,TXN10569,11273.44,2026-07-24,230.07,USD,BANKREF20569,settled
STL10570,TXN10570,31806.69,2026-06-04,654.34,USD,BANKREF20570,settled
STL10571,TXN10571,31182.00,2026-07-08,636.37,USD,BANKREF20571,settled
STL10572,TXN10572,37738.04,2026-06-17,770.16,INR,BANKREF20572,settled
STL10573,TXN10573,15118.81,2026-06-21,308.55,USD,BANKREF20573,settled
STL10574,TXN10574,34077.94,2026-06-25,695.47,INR,BANKREF20574,settled
STL10575,TXN10575,23253.03,2026-07-18,474.55,INR,BANKREF20575,settled
STL10576,TXN10576,22244.75,2026-06-18,2200.03,INR,BANKREF20576,settled
STL10577,TXN10577,23629.21,2026-07-24,482.23,INR,BANKREF20577,settled
STL10579,TXN10579,23457.50,2026-07-04,478.72,INR,BANKREF20579,settled
STL10580,TXN10580,45515.10,2026-06-08,928.88,INR,BANKREF20580,settled
STL10581,TXN10581,9563.34,2026-07-03,195.17,USD,BANKREF20581,settled
STL10582,TXN10582,38252.78,2026-06-11,780.67,INR,BANKREF20582,settled
STL10583,TxN10583,39003.03,16-Jul-2026,795.98 INR,INR,BANKREF20583,settled
STL10584,  TXN10584  ,66324.48 INR,09-Jun-2026,6559.56,INR,BANKREF20584,settled
STL10585,txn10585,67298.51,04/07/2026,1373.44 INR,INR,BANKREF20585,settled
STL10586,TXN10586,3913.60,2026-06-03,86.46,INR,BANKREF20586,settled
STL10587,TXN10587,16827.96,2026-06-23,343.43,INR,BANKREF20587,settled
STL10588,TXN10588,24143.00,2026-06-28,2387.77,USD,BANKREF20588,settled
STL10590,TXN10590,59774.92,2026-06-19,1219.90,INR,BANKREF20590,settled
STL10591,TXN10591,39670.72,2026-06-24,809.61,INR,BANKREF20591,settled
STL10592,TXN10592,47989.73,2026-06-23,979.38,USD,BANKREF20592,settled
STL10593,TXN10593,53640.47,2026-06-25,1094.70,INR,BANKREF20593,settled
STL10594,txn10594,27258.83,12-Jul-2026,556.30 INR,INR,BANKREF20594,settled
STL10595,TXN10595,34631.72,2026-07-31,706.77,USD,BANKREF20595,settled
STL10597,TXN10597,26763.47,2026-07-15,546.19,USD,BANKREF20597,settled
STL10598,TXN10598,16241.98,2026-07-19,649.68,USD,BANKREF20598,partial
STL10599,  TXN10599  ,58002.55,26/06/2026,1183.73,USD,BANKREF20599,settled
STL10600,TXN10600,11351.06,2026-06-25,454.04,INR,BANKREF20600,partial
STL10601,TXN10601,49163.07,2026-06-11,1003.33,INR,BANKREF20601,settled
STL10602,TXN10602,64615.13,2026-06-09,1318.68,USD,BANKREF20602,settled
STL10603,TXN10603,66259.63,2026-07-28,1352.24,USD,BANKREF20603,settled
STL10604,TXN10604,41200.53,2026-06-12,840.83,INR,BANKREF20604,settled
STL10605,TXN10605,50566.95,2026-07-10,1031.98,USD,BANKREF20605,settled
STL10606,TXN10606,59016.73,2026-07-31,1204.42,INR,BANKREF20606,settled
STL10607,TXN10607,16758.76,2026-07-26,349.66,INR,BANKREF20607,settled
STL10608,TXN10608,52366.54,2026-07-19,1068.71,INR,BANKREF20608,settled
STL10609,TXN10609,32587.60,2026-06-07,665.05,USD,BANKREF20609,settled
STL10610,TXN10610,12693.58,2026-06-15,259.05,INR,BANKREF20610,settled
STL10611,TXN10611,63904.73,2026-06-26,1304.18,INR,BANKREF20611,settled
STL10612,TXN10612,6335.99,2026-06-14,129.31,INR,BANKREF20612,settled
STL10613,TXN10613,61750.47,2026-07-22,1260.21,INR,BANKREF20613,settled
STL10614,TXN10614,34731.19,2026-07-05,708.80,INR,BANKREF20614,settled
STL10615,txn10615,"71,077.28",29-Jun-2026,"₹1,450.56",INR,BANKREF20615,settled
STL10616,TXN10616,62452.92,2026-07-19,1274.55,INR,BANKREF20616,settled
STL10617,TXN10617,11583.17,2026-07-15,236.39,INR,BANKREF20617,settled
STL10618,TXN10618,49443.19,2026-06-28,1017.42,INR,BANKREF20618,settled
STL10619,TXN10619,40608.99,2026-07-15,828.75,USD,BANKREF20619,settled
STL10620,TXN10620,32454.56,2026-06-21,662.34,USD,BANKREF20620,settled
STL10621,txn10621,"₹47,014.31",07-03-2026,₹959.48,INR,BANKREF20621,settled
STL10622,TXN10622,11858.76,2026-07-16,242.02,INR,BANKREF20622,settled
STL10623,TXN10623,10880.04,2026-06-18,222.04,INR,BANKREF20623,settled
STL10624,TXN10624,35512.95,2026-07-08,1420.52,INR,BANKREF20624,partial
STL10625,TXN10625,55006.36,2026-07-28,1122.58,INR,BANKREF20625,settled
STL10626,TXN10626,2894.35,2026-06-07,59.07,INR,BANKREF20626,settled
STL10627,txn10627,8343.68,06-12-2026,170.28,INR,BANKREF20627,settled
STL10628,TXN10628,35556.64,2026-06-03,725.65,INR,BANKREF20628,settled
STL10629,TXN10629,65632.71,2026-07-23,1339.44,INR,BANKREF20629,settled
STL10630,txn10630,45769.13 INR,29-Jul-2026,934.06,USD,BANKREF20630,settled
STL10632,TXN10632,41928.40,2026-07-20,855.68,INR,BANKREF20632,settled
STL10633,TXN10633,11897.13,2026-06-28,475.89,INR,BANKREF20633,partial
STL10635,TXN10635,42202.16,2026-07-07,861.27,INR,BANKREF20635,settled
STL10636,TXN10636,31520.65,2026-06-09,643.28,USD,BANKREF20636,settled
STL10637,TxN10637,43329.36 INR,2026-06-12,884.27,INR,BANKREF20637,settled
STL10639,TXN10639,68982.63,2026-07-06,1414.74,USD,BANKREF20639,settled
STL10640,TXN10640,50262.95,2026-07-18,1025.77,INR,BANKREF20640,settled
STL10641,TXN10641,44280.18,2026-07-28,903.68,INR,BANKREF20641,settled
STL10642,TXN10642,63069.89,2026-06-18,1287.14,INR,BANKREF20642,settled
STL10643,TXN10643,62592.06,2026-07-31,1277.39,INR,BANKREF20643,settled
STL10644,REF_GSMF7R,25291.47,2026-08-02,516.15,INR,BANKREF20644,settled
STL10645,TXN10645,19150.59,2026-06-05,390.83,USD,BANKREF20645,settled
STL10646,TXN10646,39218.20,2026-07-27,800.37,INR,BANKREF20646,settled
STL10647,TXN10647,54762.38,2026-06-17,1117.60,INR,BANKREF20647,settled
STL10648,TXN10648,50295.64,2026-07-25,1026.44,USD,BANKREF20648,settled
STL10649,TXN10649,41439.44,2026-06-08,845.70,INR,BANKREF20649,settled
STL10650,TXN10650,27086.30,2026-06-10,552.78,INR,BANKREF20650,settled
STL10651,TXN10651,40284.24,2026-06-22,822.13,USD,BANKREF20651,settled
STL10652,TXN10652,42995.74,2026-07-09,4252.33,INR,BANKREF20652,settled
STL10653,TXN10653,39972.57,2026-07-29,815.77,INR,BANKREF20653,settled
STL10654,TXN10654,11025.65,2026-07-18,441.03,INR,BANKREF20654,partial
STL10656,TXN10656,68117.52,2026-06-14,1390.15,INR,BANKREF20656,settled
STL10657,TXN10657,71659.06,2026-06-09,1462.43,INR,BANKREF20657,settled
STL10658,TXN10658,66345.49,2026-07-09,1353.99,INR,BANKREF20658,settled
STL10659,TXN10659,15554.30,2026-06-26,317.43,INR,BANKREF20659,settled
STL10660,TXN10660,5036.59,2026-07-27,102.79,INR,BANKREF20660,settled
STL10661,TxN10661,26833.00 INR,07-14-2026,547.61,INR,BANKREF20661,settled
STL10662,TXN10662,10496.39,2026-06-12,214.21,USD,BANKREF20662,settled
STL10663,TXN10663,41724.92,2026-06-10,851.53,USD,BANKREF20663,settled
STL10664,TXN10664,31122.30,2026-06-17,635.15,INR,BANKREF20664,settled
STL10665,TXN10665,43329.99,2026-07-01,884.29,INR,BANKREF20665,settled
STL10666,TXN10666,72522.70,2026-06-17,1481.71,INR,BANKREF20666,settled
STL10667,TXN10667,55478.96,2026-06-23,1132.22,INR,BANKREF20667,settled
STL10668,TXN10668,18036.24,2026-06-13,368.09,INR,BANKREF20668,settled
STL10669,txn10669,"₹68,242.45",07-11-2026,"₹1,392.70",INR,BANKREF20669,settled
STL10670,TXN10670,29783.91,2026-06-16,607.83,USD,BANKREF20670,settled
STL10671,TXN10671,359.99,2026-06-16,7.35,INR,BANKREF20671,settled
STL10673,TXN10673,30675.65,2026-07-26,626.03,INR,BANKREF20673,settled
STL10674,TXN10674,72810.55,2026-07-31,1485.93,INR,BANKREF20674,settled
STL10675,TXN10675,49264.46,2026-07-05,1005.40,INR,BANKREF20675,settled
STL10677,  TXN10677  ,"₹72,399.37",07-18-2026,"1,477.54",USD,BANKREF20677,settled
STL10678,TXN10678,12616.52,2026-07-26,257.48,INR,BANKREF20678,settled
STL10679,TXN10679,32243.70,2026-06-02,658.03,INR,BANKREF20679,settled
STL10680,TXN10680,48472.07,2026-06-18,989.23,INR,BANKREF20680,settled
STL10681,TXN10681,363.90,2026-06-06,7.43,INR,BANKREF20681,settled
STL10682,REF_SRMNSV,63598.83,2026-07-10,1297.94,USD,BANKREF20682,settled
STL10683,TXN10683,20460.97,2026-07-06,417.57,USD,BANKREF20683,settled
STL10684,TXN10684,3298.92,2026-06-21,67.33,INR,BANKREF20684,settled
STL10685,TXN10685,18372.35,2026-08-01,374.95,INR,BANKREF20685,settled
STL10686,TXN10686,60181.95,2026-07-04,1228.20,INR,BANKREF20686,settled
STL10687,TXN10687,52158.44,2026-07-01,1064.46,INR,BANKREF20687,settled
STL10688,TXN10688,48146.29,2026-07-16,982.58,INR,BANKREF20688,settled
STL10689,ref_rz0gdh,25184.26,2026-06-29,513.96,INR,BANKREF20689,settled
STL10691,TXN10691,67780.08,2026-07-26,1383.27,INR,BANKREF20691,settled
STL10692,TXN10692,14213.33,2026-07-22,290.07,INR,BANKREF20692,settled
STL10693,TXN10693,14935.57,2026-07-11,597.42,USD,BANKREF20693,partial
STL10694,TXN10694,57504.31,2026-07-19,1173.56,INR,BANKREF20694,settled
STL10695,TXN10695,45848.16,2026-06-15,937.60,INR,BANKREF20695,settled
STL10696,TXN10696,17225.65,2026-07-29,351.54,INR,BANKREF20696,settled
STL10697,TxN10697,47398.07,07-11-2026,₹967.31,USD,BANKREF20697,settled
STL10698,TXN10698,17742.28,2026-07-27,362.09,INR,BANKREF20698,settled
STL10699,TXN10699,38243.92,2026-07-08,780.49,INR,BANKREF20699,settled
STL10701,TXN10701,58793.63,2026-06-08,1199.87,INR,BANKREF20701,settled
STL10702,TXN10702,33999.13,2026-06-15,693.86,INR,BANKREF20702,settled
STL10703,TXN10703,31850.88,2026-07-06,650.02,USD,BANKREF20703,settled
STL10704,TXN10704,7453.49,2026-07-05,152.11,INR,BANKREF20704,settled
STL10705,TXN10705,62007.40,2026-07-10,1272.15,INR,BANKREF20705,settled
STL10706,TXN10706,62002.19,2026-06-25,1265.35,INR,BANKREF20706,settled
STL10707,  TXN10707  ,"24,953.47",28-Jun-2026,509.25 INR,USD,BANKREF20707,settled
STL10708,TXN10708,58082.88,2026-07-01,1185.37,USD,BANKREF20708,settled
STL10710,TXN10710,39850.68,2026-06-07,813.28,INR,BANKREF20710,settled
STL10712,TXN10712,9934.74,2026-07-03,202.75,USD,BANKREF20712,settled
STL10713,TXN10713,37318.58,2026-07-13,3690.85,INR,BANKREF20713,settled
STL10714,TXN10714,41693.85,2026-07-20,850.89,INR,BANKREF20714,settled
STL10715,TxN10715,"₹5,597.46",2026-07-11,553.59,INR,BANKREF20715,settled
STL10716,TXN10716,17615.80,2026-06-15,359.51,INR,BANKREF20716,settled
STL10717,TXN10717,24803.14,2026-06-06,506.19,INR,BANKREF20717,settled
STL10718,TXN10718,49393.42,2026-06-22,1008.03,USD,BANKREF20718,settled
STL10719,TXN10719,40693.63,2026-06-03,830.48,INR,BANKREF20719,settled
STL10720,TXN10720,69389.74,2026-07-15,1423.56,INR,BANKREF20720,settled
STL10721,TXN10721,53668.51,2026-07-02,5307.87,INR,BANKREF20721,settled
STL10722,TXN10722,18286.01,2026-07-16,373.18,USD,BANKREF20722,settled
STL10723,TXN10723,33972.85,2026-06-25,693.32,INR,BANKREF20723,settled
STL10724,TXN10724,23771.78,2026-07-20,2351.06,INR,BANKREF20724,settled
STL10725,TXN10725,67520.92,2026-07-04,1377.98,INR,BANKREF20725,settled
STL10726,TXN10726,26030.51,2026-07-25,531.23,INR,BANKREF20726,settled
STL10727,TXN10727,20790.04,2026-07-09,424.29,INR,BANKREF20727,settled
STL10728,TXN10728,57914.99,2026-06-12,1190.10,INR,BANKREF20728,settled
STL10729,TXN10729,57818.75,2026-07-15,1179.97,INR,BANKREF20729,settled
STL10730,TXN10730,30335.53,2026-07-05,619.09,INR,BANKREF20730,settled
STL10731,TXN10731,7420.52,2026-07-20,151.44,INR,BANKREF20731,settled
STL10732,TXN10732,32370.74,2026-07-05,660.63,INR,BANKREF20732,settled
STL10733,TXN10733,7578.73,2026-07-01,154.67,USD,BANKREF20733,settled
STL10734,TXN10734,16852.85,2026-07-09,343.94,USD,BANKREF20734,settled
STL10735,TXN10735,50838.67,2026-06-11,1037.52,INR,BANKREF20735,settled
STL10736,TXN10736,18331.85,2026-06-08,374.12,INR,BANKREF20736,settled
STL10737,TXN10737,22127.60,2026-07-01,451.58,INR,BANKREF20737,settled
STL10738,txn10738,"8,498.38",19/07/2026,173.44 INR,INR,BANKREF20738,settled
STL10739,TXN10739,47910.41,2026-07-08,977.76,INR,BANKREF20739,settled
STL10740,TXN10740,49775.17,2026-07-10,1015.82,INR,BANKREF20740,settled
STL10741,TXN10741,15592.92,2026-06-07,318.22,INR,BANKREF20741,settled
STL10742,TXN10742,5959.30,2026-06-25,121.62,INR,BANKREF20742,settled
STL10743,TXN10743,46491.19,2026-07-26,948.80,INR,BANKREF20743,settled
STL10744,txn10744,"47,267.14",07-16-2026,₹964.64,INR,BANKREF20744,settled
STL10745,TXN10745,3258.64,2026-06-20,66.50,INR,BANKREF20745,settled
STL10746,  TXN10746  ,73174.30,2026-06-23,"₹1,493.35",INR,BANKREF20746,settled
STL10747,TXN10747,34154.72,2026-07-03,697.04,USD,BANKREF20747,settled
STL10748,TXN10748,23716.68,2026-07-13,484.01,INR,BANKREF20748,settled
STL10749,TXN10749,47932.19,2026-06-19,978.21,INR,BANKREF20749,settled
STL10750,TXN10750,26625.27,2026-07-10,543.37,INR,BANKREF20750,settled
STL10751,TxN10751,"₹1,320.88",07-Jun-2026,26.96 INR,USD,BANKREF20751,settled
STL10752,  TXN10752  ,"58,706.41",2026-06-09,"1,198.09",INR,BANKREF20752,settled
STL10753,TXN10753,43109.66,2026-06-24,879.79,INR,BANKREF20753,settled
STL10754,TXN10754,22508.58,2026-06-07,459.36,INR,BANKREF20754,settled
STL10756,TXN10756,1667.97,2026-07-03,34.04,INR,BANKREF20756,settled
STL10757,TXN10757,6377.85,2026-07-23,130.16,USD,BANKREF20757,settled
STL10758,TXN10758,61206.27,2026-06-22,1249.11,USD,BANKREF20758,settled
STL10759,TXN10759,72109.35,2026-07-30,1471.62,USD,BANKREF20759,settled
STL10760,TXN10760,10000.80,2026-07-07,204.10,INR,BANKREF20760,settled
STL10761,TXN10761,19117.42,2026-07-13,390.15,INR,BANKREF20761,settled
STL10762,txn10762,22145.00,24-Jul-2026,451.94,INR,BANKREF20762,settled
STL10763,TXN10763,48425.60,2026-06-29,988.28,INR,BANKREF20763,settled
STL10764,  TXN10764  ,"34,272.63",07-25-2026,699.44 INR,USD,BANKREF20764,settled
STL10765,TXN10765,44239.59,2026-07-23,902.85,INR,BANKREF20765,settled
STL10766,TXN10766,65583.26,2026-07-07,1338.43,INR,BANKREF20766,settled
STL10767,TXN10767,52730.38,2026-06-17,1076.13,INR,BANKREF20767,settled
STL10768,TXN10768,29078.81,2026-06-02,593.45,INR,BANKREF20768,settled
STL10769,TXN10769,57818.34,2026-06-08,1179.97,INR,BANKREF20769,settled
STL10771,TXN10771,8024.29,2026-06-07,320.97,INR,BANKREF20771,partial
STL10772,TXN10772,59523.63,1899-01-01,1214.77,USD,BANKREF20772,settled
STL10773,TXN10773,19611.87,2026-06-29,400.24,INR,BANKREF20773,settled
STL10774,TXN10774,59734.26,2026-07-10,1219.07,INR,BANKREF20774,settled
STL10775,TXN10775,22807.42,2026-07-19,2255.68,INR,BANKREF20775,settled
STL10776,TXN10776,57195.81,2026-06-30,1167.26,INR,BANKREF20776,settled
STL10777,TXN10777,12962.54,2026-06-11,264.54,USD,BANKREF20777,settled
STL10778,TXN10778,10061.71,2026-07-05,205.34,INR,BANKREF20778,settled
STL10779,TXN10779,58314.13,2026-07-12,1190.08,INR,BANKREF20779,settled
STL10780,TXN10780,33315.99,2026-06-04,679.92,INR,BANKREF20780,settled
STL10781,TxN10781,62472.63,2026-07-22,"₹1,274.95",INR,BANKREF20781,settled
STL10782,  TXN10782  ,"₹16,357.60",26-Jun-2026,333.83 INR,INR,BANKREF20782,settled
STL10783,TXN10783,45659.15,2026-06-07,931.82,INR,BANKREF20783,settled
STL10784,TXN10784,48440.14,2026-07-03,988.57,INR,BANKREF20784,settled
STL10785,TXN10785,3004.46,2026-07-29,70.56,INR,BANKREF20785,settled
STL10787,TxN10787,"₹58,744.14",07-16-2026,"₹1,198.86",USD,BANKREF20787,settled
STL10788,TXN10788,2365.26,2026-07-13,48.27,INR,BANKREF20788,settled
STL10789,TXN10789,71746.67,2026-07-21,1469.27,USD,BANKREF20789,settled
STL10790,TXN10790,11310.10,2026-07-01,232.01,INR,BANKREF20790,settled
STL10791,TXN10791,3945.46,2026-06-30,80.52,INR,BANKREF20791,settled
STL10792,TXN10792,24057.27,2026-06-08,490.96,INR,BANKREF20792,settled
STL10793,TXN10793,42701.30,2026-02-30,871.46,INR,BANKREF20793,settled
STL10794,TXN10794,65227.72,2026-06-11,1331.18,INR,BANKREF20794,settled
STL10796,TXN10796,51933.70,2026-07-20,1059.87,INR,BANKREF20796,settled
STL10797,TXN10797,39939.79,2026-06-10,815.10,USD,BANKREF20797,settled
STL10798,TXN10798,49511.87,2026-06-10,1010.45,INR,BANKREF20798,settled
STL10799,TXN10799,54470.11,2026-07-31,1111.64,INR,BANKREF20799,settled
STL10800,TXN10800,25715.56,2026-07-28,524.81,INR,BANKREF20800,settled
STL10801,TXN10801,6224.20,2026-06-19,127.02,INR,BANKREF20801,settled
STL10802,TXN10802,2173.25,2026-06-25,48.56,INR,BANKREF20802,settled
STL10803,TXN10803,26679.12,2026-07-27,544.47,USD,BANKREF20803,settled
STL10804,TXN10804,54356.25,2026-06-17,1109.31,INR,BANKREF20804,settled
STL10805,TxN10805,27979.59,07-31-2026,571.01,INR,BANKREF20805,settled
STL10806,TXN10806,31840.15,2026-06-03,649.80,USD,BANKREF20806,settled
STL10807,TXN10807,38062.01,2026-07-19,3764.37,INR,BANKREF20807,settled
STL10808,TXN10808,9512.53,2026-06-24,194.13,USD,BANKREF20808,settled
STL10809,TXN10809,12816.91,2026-07-11,261.57,INR,BANKREF20809,settled
STL10810,TXN10810,62330.66,2026-08-16,1272.05,INR,BANKREF20810,settled
STL10811,TXN10811,73176.37,2026-07-18,1493.40,INR,BANKREF20811,settled
STL10813,txn10813,28662.16,18/06/2026,584.94,INR,BANKREF20813,settled
STL10814,TXN10814,23249.74,2026-02-30,474.48,INR,BANKREF20814,settled
STL10815,TXN10815,48657.16,2026-07-24,993.00,INR,BANKREF20815,settled
STL10816,TXN10816,57373.02,2026-06-30,1170.88,INR,BANKREF20816,settled
STL10817,TXN10817,12782.49,2026-06-16,260.87,INR,BANKREF20817,settled
STL10818,TXN10818,40713.22,2026-07-14,830.88,INR,BANKREF20818,settled
STL10819,TXN10819,63313.65,2026-06-27,1292.12,INR,BANKREF20819,settled
STL10820,TXN10820,34430.57,2026-06-12,702.66,INR,BANKREF20820,settled
STL10821,TXN10821,28606.71,2026-06-08,1144.27,INR,BANKREF20821,partial
STL10822,TXN10822,40829.84,2026-07-14,833.26,INR,BANKREF20822,settled
STL10823,TXN10823,57541.35,2026-07-19,1174.31,INR,BANKREF20823,settled
STL10824,TXN10824,41280.24,2026-07-02,842.45,INR,BANKREF20824,settled
STL10826,TXN10826,43996.50,2026-06-16,897.89,USD,BANKREF20826,settled
STL10827,TXN10827,51124.94,2026-06-22,1043.37,INR,BANKREF20827,settled
STL10828,TXN10828,21022.22,2026-07-04,429.03,INR,BANKREF20828,settled
STL10829,TXN10829,25272.67,2026-06-10,515.77,USD,BANKREF20829,settled
STL10830,  TXN10830  ,30481.49,06-21-2026,622.07,INR,BANKREF20830,settled
STL10831,TXN10831,55764.00,2026-07-17,1147.78,INR,BANKREF20831,settled
STL10832,TXN10832,16411.94,2026-06-17,334.94,INR,BANKREF20832,settled
STL10833,TXN10833,53648.15,2026-07-13,1094.86,INR,BANKREF20833,settled
STL10834,TXN10834,8663.68,2026-06-26,176.81,INR,BANKREF20834,settled
STL10835,TXN10835,67961.49,2026-07-04,1386.97,USD,BANKREF20835,settled
STL10836,TXN10836,58178.78,2026-07-07,1187.32,USD,BANKREF20836,settled
STL10837,TXN10837,50726.73,2026-07-09,1035.24,USD,BANKREF20837,settled
STL10838,TXN10838,9694.75,2026-07-16,197.85,INR,BANKREF20838,settled
STL10839,TXN10839,14215.14,2026-07-12,290.11,INR,BANKREF20839,settled
STL10840,TXN10840,3120.94,2026-06-21,63.69,INR,BANKREF20840,settled
STL10841,TXN10841,45827.27,2026-07-28,935.25,USD,BANKREF20841,settled
STL10842,TXN10842,24903.36,2026-06-28,508.23,INR,BANKREF20842,settled
STL10843,TXN10843,14706.27,2026-07-06,300.13,INR,BANKREF20843,settled
STL10844,TXN10844,56219.61,2026-06-24,1147.34,USD,BANKREF20844,settled
STL10845,TXN10845,30236.08,2026-07-21,617.06,INR,BANKREF20845,settled
STL10846,TXN10846,59726.36,2026-06-22,1218.91,INR,BANKREF20846,settled
STL10847,TXN10847,63166.43,2026-07-17,1289.11,INR,BANKREF20847,settled
STL10848,  TXN10848  ,"₹51,780.80",19-Jul-2026,1056.75 INR,USD,BANKREF20848,settled
STL10849,TXN10849,73119.69,2026-07-21,1492.24,INR,BANKREF20849,settled
STL10850,TXN10850,18469.29,2026-07-04,1826.63,USD,BANKREF20850,settled
STL10851,TXN10851,36879.51,2026-06-09,760.05,INR,BANKREF20851,settled
STL10852,TXN10852,12939.67,2026-07-23,264.08,INR,BANKREF20852,settled
STL10854,TXN10854,13540.04,2026-07-05,276.33,USD,BANKREF20854,settled
STL10855,TXN10855,9197.80,2026-06-29,187.71,INR,BANKREF20855,settled
STL10857,TXN10857,34139.01,2026-07-03,696.71,USD,BANKREF20857,settled
STL10858,TXN10858,32460.24,2026-06-11,662.45,INR,BANKREF20858,settled
STL10859,TxN10859,48008.00,2026-07-10,984.69,INR,BANKREF20859,settled
STL10860,TXN10860,28807.88,2026-06-30,587.92,USD,BANKREF20860,settled
STL10861,TXN10861,53056.76,2026-06-28,1082.79,INR,BANKREF20861,settled
STL10862,TXN10862,38617.71,2026-06-12,3819.33,INR,BANKREF20862,settled
STL10863,TXN10863,66878.99,2026-07-31,1364.88,INR,BANKREF20863,settled
STL10864,TXN10864,28537.94,2026-06-16,582.41,INR,BANKREF20864,settled
STL10865,TXN10865,71159.58,2026-07-01,1452.24,INR,BANKREF20865,settled
STL10866,TXN10866,57637.86,2026-08-02,1182.71,INR,BANKREF20866,settled
STL10867,TXN10867,9396.75,2026-08-01,375.87,INR,BANKREF20867,partial
STL10868,TxN10868,"₹41,709.52",2026-06-23,860.24 INR,INR,BANKREF20868,settled
STL10869,TXN10869,25243.94,2026-06-04,515.18,USD,BANKREF20869,settled
STL10870,TXN10870,45488.39,2026-07-30,928.33,USD,BANKREF20870,settled
STL10871,TXN10871,21618.12,2026-07-18,441.19,USD,BANKREF20871,settled
STL10872,TXN10872,9764.70,2026-06-16,199.28,INR,BANKREF20872,settled
STL10873,TXN10873,11458.33,2026-06-25,233.84,INR,BANKREF20873,settled
STL10874,TXN10874,50154.71,2026-06-27,1023.57,INR,BANKREF20874,settled
STL10876,txn10876,"13,784.03",06-20-2026,281.31 INR,INR,BANKREF20876,settled
STL10877,TXN10877,48097.00,2026-06-11,981.57,USD,BANKREF20877,settled
STL10878,TXN10878,32460.14,2026-06-15,1298.41,USD,BANKREF20878,partial
STL10879,TXN10879,18893.99,2026-07-28,385.59,INR,BANKREF20879,settled
STL10880,TXN10880,28004.30,2026-08-02,1120.17,INR,BANKREF20880,partial
STL10881,TXN10881,44879.41,2026-06-17,915.91,INR,BANKREF20881,settled
STL10882,TXN10882,48123.13,2026-06-25,982.10,INR,BANKREF20882,settled
STL10883,TXN10883,37580.61,2026-06-13,766.95,INR,BANKREF20883,settled
STL10884,REF_QB3ALF,37812.43,2026-07-04,771.68,INR,BANKREF20884,settled
STL10885,TXN10885,57491.76,2026-06-12,1173.30,INR,BANKREF20885,settled
STL10886,TXN10886,47720.90,2026-07-07,973.90,INR,BANKREF20886,settled
STL10887,TXN10887,29641.82,2026-06-12,604.94,INR,BANKREF20887,settled
STL10888,txn10888,27243.91 INR,2026-07-24,556.00,INR,BANKREF20888,settled
STL10889,TXN10889,36775.06,2026-06-09,3637.09,INR,BANKREF20889,settled
STL10890,TXN10890,10774.43,2026-07-21,219.89,INR,BANKREF20890,settled
STL10891,TXN10891,67918.83,2026-07-02,1386.10,INR,BANKREF20891,settled
STL10892,TXN10892,64891.48,2026-06-26,1324.32,INR,BANKREF20892,settled
STL10893,TXN10893,26706.66,2026-06-21,545.03,USD,BANKREF20893,settled
STL10894,txn10894,"₹48,314.20",01/07/2026,986.00,INR,BANKREF20894,settled
STL10895,TxN10895,59311.78,16/07/2026,"1,210.44",USD,BANKREF20895,settled
STL10896,TXN10896,70606.42,2026-07-22,1440.95,INR,BANKREF20896,settled
STL10897,TXN10897,64806.65,2026-07-17,1322.58,INR,BANKREF20897,settled
STL10898,TXN10898,40608.33,2026-07-08,828.74,INR,BANKREF20898,settled
STL10899,TXN10899,47708.37,2026-06-06,973.64,INR,BANKREF20899,settled
STL10900,TXN10900,17179.56,2026-07-15,350.60,INR,BANKREF20900,settled
STL10901,TXN10901,44341.41,2026-07-06,904.93,USD,BANKREF20901,settled
STL10902,TXN10902,37511.17,2026-07-17,765.53,INR,BANKREF20902,settled
STL10903,TXN10903,16380.50,2026-06-05,334.30,INR,BANKREF20903,settled
STL10904,TXN10904,67285.28,2026-07-24,1379.46,INR,BANKREF20904,settled
STL10905,TXN10905,34678.16,2026-07-02,707.72,INR,BANKREF20905,settled
STL10906,TXN10906,13759.12,2026-07-27,280.80,INR,BANKREF20906,settled
STL10907,TXN10907,27199.32,2026-07-13,555.09,INR,BANKREF20907,settled
STL10908,  TXN10908  ,"28,531.14",2026-08-02,₹582.27,INR,BANKREF20908,settled
STL10909,txn10909,"₹68,847.02",2026-06-09,1405.04 INR,INR,BANKREF20909,settled
STL10910,TXN10910,18942.93,1899-01-01,386.59,USD,BANKREF20910,settled
STL10911,  TXN10911  ,26762.62 INR,07-09-2026,₹552.09,INR,BANKREF20911,settled
STL10912,TXN10912,58422.87,1899-01-01,1192.30,INR,BANKREF20912,settled
STL10913,TXN10913,48824.04,2026-07-25,1005.32,INR,BANKREF20913,settled
STL10914,  TXN10914  ,39519.42,07-09-2026,806.52,USD,BANKREF20914,settled
STL10915,TXN10915,9724.31,2026-06-20,199.52,USD,BANKREF20915,settled
STL10916,TxN10916,"62,213.59",2026-06-23,"1,269.67",USD,BANKREF20916,settled
STL10917,TXN10917,32335.71,2026-06-09,659.91,INR,BANKREF20917,settled
STL10918,TXN10918,51500.50,2026-06-24,1051.03,INR,BANKREF20918,settled
STL10919,TXN10919,33343.53,2026-08-01,680.48,INR,BANKREF20919,settled
STL10920,TXN10920,6260.70,2026-07-16,127.77,INR,BANKREF20920,settled
STL10921,TXN10921,41625.84,2026-07-01,4116.84,INR,BANKREF20921,settled
STL10922,TXN10922,73119.67,2026-07-07,1492.24,USD,BANKREF20922,settled
STL10924,txn10924,61330.85,2026-06-25,1251.65,INR,BANKREF20924,settled
STL10925,TXN10925,29511.45,2026-06-03,2918.71,USD,BANKREF20925,settled
STL10926,TXN10926,23578.07,2026-06-15,489.37,INR,BANKREF20926,settled
STL10927,TXN10927,70254.93,2026-07-21,1433.77,INR,BANKREF20927,settled
STL10928,TXN10928,44840.79,2026-07-25,915.12,INR,BANKREF20928,settled
STL10929,TXN10929,26247.08,2026-07-25,535.65,USD,BANKREF20929,settled
STL10931,TXN10931,34468.98,2026-06-20,703.45,USD,BANKREF20931,settled
STL10932,  TXN10932  ,38580.04,2026-07-26,787.35,INR,BANKREF20932,settled
STL10933,TXN10933,62603.90,2026-06-11,1285.73,INR,BANKREF20933,settled
STL10934,TXN10934,11361.28,2026-07-05,1123.64,USD,BANKREF20934,settled
STL10935,TXN10935,16706.31,2026-06-23,340.95,INR,BANKREF20935,settled
STL10936,TXN10936,36825.92,2026-07-26,751.55,INR,BANKREF20936,settled
STL10937,TXN10937,24802.59,2026-06-29,506.18,INR,BANKREF20937,settled
STL10938,TXN10938,50337.69,2026-07-08,4978.45,INR,BANKREF20938,settled
STL10939,TXN10939,7858.03,2026-07-08,160.37,INR,BANKREF20939,settled
STL10940,TXN10940,2451.23,2026-06-06,50.03,USD,BANKREF20940,settled
STL10941,TXN10941,17647.45,2026-07-12,360.15,INR,BANKREF20941,settled
STL10942,TXN10942,34331.95,2026-07-27,700.65,USD,BANKREF20942,settled
STL10944,TXN10944,54014.05,2026-07-12,1102.33,INR,BANKREF20944,settled
STL10945,TXN10945,19103.10,2026-06-28,389.86,USD,BANKREF20945,settled
STL10946,TXN10946,9995.48,2026-06-20,203.99,INR,BANKREF20946,settled
STL10947,TXN10947,36277.78,2026-06-03,740.36,USD,BANKREF20947,settled
STL10948,TXN10948,61216.08,2026-07-04,1249.31,INR,BANKREF20948,settled
STL10949,TXN10949,23539.32,2026-07-13,480.39,INR,BANKREF20949,settled
STL10950,TXN10950,14462.59,2026-07-08,295.15,USD,BANKREF20950,settled
STL10951,REF_7JUYIN,25513.80,2026-06-15,520.69,INR,BANKREF20951,settled
STL10952,TXN10952,58572.85,2026-07-04,1195.36,INR,BANKREF20952,settled
STL10953,TXN10953,19699.30,2026-07-28,787.97,INR,BANKREF20953,partial
STL10954,TXN10954,17845.72,2026-06-13,364.20,INR,BANKREF20954,settled
STL10955,TXN10955,71845.58,2026-06-08,1466.24,INR,BANKREF20955,settled
STL10956,TXN10956,41641.43,2026-07-10,849.83,USD,BANKREF20956,settled
STL10957,TXN10957,38975.96,2026-06-25,795.43,INR,BANKREF20957,settled
STL10958,TXN10958,73314.16,2026-07-17,1496.21,USD,BANKREF20958,settled
STL10959,TXN10959,12168.97,2026-06-27,248.35,INR,BANKREF20959,settled
STL10960,TXN10960,36014.93,2026-06-30,735.00,INR,BANKREF20960,settled
STL10961,TXN10961,48494.56,2026-07-28,4796.17,INR,BANKREF20961,settled
STL10962,TXN10962,1998.11,2026-07-02,40.78,USD,BANKREF20962,settled
STL10963,TXN10963,2692.68,2026-06-14,107.71,INR,BANKREF20963,partial
STL10964,TXN10964,24932.71,2026-07-12,508.83,USD,BANKREF20964,settled
STL10965,TXN10965,25917.74,2026-06-22,528.93,INR,BANKREF20965,settled
STL10966,TXN10966,66566.88,2026-06-18,1358.51,INR,BANKREF20966,settled
STL10967,TXN10967,70817.05,2026-07-14,1445.25,USD,BANKREF20967,settled
STL10968,TXN10968,39320.73,2026-07-10,802.46,USD,BANKREF20968,settled
STL10969,TXN10969,20917.22,2026-07-30,426.88,INR,BANKREF20969,settled
STL10970,TXN10970,13176.92,2026-07-20,268.92,INR,BANKREF20970,settled
STL10971,TXN10971,37204.72,2026-07-16,759.28,INR,BANKREF20971,settled
STL10972,txn10972,"₹59,861.23",15/07/2026,"1,221.66",INR,BANKREF20972,settled
STL10973,TxN10973,"₹35,352.88",07-02-2026,721.49,INR,BANKREF20973,settled
STL10974,TXN10974,37692.59,2026-07-09,769.24,USD,BANKREF20974,settled
STL10975,TXN10975,23586.22,2026-06-21,2332.70,USD,BANKREF20975,settled
STL10976,TXN10976,28621.64,2026-06-30,584.12,INR,BANKREF20976,settled
STL10977,TXN10977,71568.66,2026-06-16,1460.59,USD,BANKREF20977,settled
STL10978,TXN10978,38089.96,2026-07-22,777.35,INR,BANKREF20978,settled
STL10979,TxN10979,"3,607.45",2026-07-20,144.30 INR,INR,BANKREF20979,partial
STL10980,TXN10980,70920.32,2026-07-05,1447.35,INR,BANKREF20980,settled
STL10981,TXN10981,39689.81,2026-06-08,810.00,INR,BANKREF20981,settled
STL10982,TXN10982,50844.90,2026-06-10,1037.65,INR,BANKREF20982,settled
STL10983,TXN10983,71184.21,2026-06-23,1452.74,USD,BANKREF20983,settled
STL10984,TXN10984,8784.09,2026-06-17,179.27,INR,BANKREF20984,settled
STL10985,TXN10985,70421.43,2026-06-06,1437.17,INR,BANKREF20985,settled
STL10986,TXN10986,29743.54,2026-07-29,1189.74,INR,BANKREF20986,partial
STL10987,TXN10987,45149.55,2026-07-21,921.42,INR,BANKREF20987,settled
STL10988,TXN10988,5933.89,2026-06-10,121.10,INR,BANKREF20988,settled
STL10989,TXN10989,26294.09,2026-06-04,536.61,INR,BANKREF20989,settled
STL10991,TXN10991,42869.36,2026-06-03,874.89,INR,BANKREF20991,settled
STL10993,TXN10993,37536.71,2026-07-06,766.06,INR,BANKREF20993,settled
STL10995,  TXN10995  ,43155.03 INR,01/08/2026,880.72,INR,BANKREF20995,settled
STL10996,txn10996,43063.34,09-Jun-2026,₹878.84,INR,BANKREF20996,settled
STL10997,TXN10997,4028.48,2026-08-01,82.21,INR,BANKREF20997,settled
STL10998,TXN10998,1417.34,2026-07-07,140.18,USD,BANKREF20998,settled
STL11000,TXN11000,38301.40,2026-06-05,781.66,INR,BANKREF21000,settled
STL11001,TXN11001,52951.97,2026-06-15,5237.01,USD,BANKREF21001,settled
STL11002,TXN11002,25055.31,2026-06-11,513.44,INR,BANKREF21002,settled
STL11003,TxN11003,"32,057.97",02/08/2026,₹661.79,USD,BANKREF21003,settled
STL11004,TXN11004,36213.13,2026-06-08,739.04,USD,BANKREF21004,settled
STL11005,TXN11005,18858.25,2026-06-22,384.86,INR,BANKREF21005,settled
STL11006,TXN11006,16865.42,2026-06-12,344.19,USD,BANKREF21006,settled
STL11008,TXN11008,5628.64,2026-07-22,225.15,INR,BANKREF21008,partial
STL11009,TxN11009,38399.95,15-Jun-2026,783.67,INR,BANKREF21009,settled
STL11010,TXN11010,28185.31,2026-06-18,575.21,USD,BANKREF21010,settled
STL11011,txn11011,"₹20,869.00",24-Jul-2026,425.90 INR,INR,BANKREF21011,settled
STL11012,TXN11012,50423.77,2026-07-03,1029.06,USD,BANKREF21012,settled
STL11013,TXN11013,5414.75,2026-06-11,110.51,INR,BANKREF21013,settled
STL11014,TXN11014,25126.41,2026-08-01,512.78,INR,BANKREF21014,settled
STL11015,TxN11015,37860.01 INR,2026-06-09,772.65,USD,BANKREF21015,settled
STL11016,TXN11016,72505.00,2026-06-23,1479.69,INR,BANKREF21016,settled
STL11017,TXN11017,737.00,2026-07-22,15.04,INR,BANKREF21017,settled
STL11018,TXN11018,13928.54,2026-07-18,284.26,INR,BANKREF21018,settled
STL11019,TXN11019,4614.72,2099-12-31,94.18,INR,BANKREF21019,settled
STL11020,TXN11020,52705.16,2026-07-19,1075.62,INR,BANKREF21020,settled
STL11021,TXN11021,63138.43,2026-07-22,1288.54,INR,BANKREF21021,settled
STL11022,TXN11022,24153.87,2026-06-07,492.94,INR,BANKREF21022,settled
STL11023,TXN11023,15558.24,2026-07-30,317.52,USD,BANKREF21023,settled
STL11024,TXN11024,73472.61,2026-06-16,1499.44,INR,BANKREF21024,settled
STL11025,TXN11025,30038.54,2026-08-17,613.03,INR,BANKREF21025,settled
STL11026,TXN11026,36980.42,2026-06-09,754.70,INR,BANKREF21026,settled
STL11027,TXN11027,62748.92,2026-06-07,1280.59,USD,BANKREF21027,settled
STL11028,TXN11028,53047.86,2026-06-05,1082.61,INR,BANKREF21028,settled
STL11030,TXN11030,21495.27,2026-07-02,438.68,INR,BANKREF21030,settled
STL11031,TXN11031,7877.70,2026-06-11,170.13,INR,BANKREF21031,settled
STL11032,TXN11032,61346.32,2026-07-03,1251.97,INR,BANKREF21032,settled
STL11033,TXN11033,59578.28,2026-07-27,1215.88,INR,BANKREF21033,settled
STL11034,  TXN11034  ,69542.49 INR,06-26-2026,"₹1,419.23",INR,BANKREF21034,settled
STL11035,TXN11035,17551.81,2026-07-06,358.20,USD,BANKREF21035,settled
STL11036,TXN11036,71732.66,2026-07-28,1463.93,INR,BANKREF21036,settled
STL11037,TXN11037,42751.41,2026-07-15,872.48,INR,BANKREF21037,settled
STL11038,TXN11038,42402.54,2026-07-21,874.01,USD,BANKREF21038,settled
STL11039,TxN11039,40829.53 INR,24/06/2026,₹833.26,INR,BANKREF21039,settled
STL11040,TXN11040,37600.06,2026-07-18,767.35,INR,BANKREF21040,settled
STL11041,TXN11041,2838.49,2099-12-31,57.93,USD,BANKREF21041,settled
STL11042,TXN11042,56819.18,2026-07-16,1159.58,INR,BANKREF21042,settled
STL11043,TXN11043,39749.22,2026-06-11,811.21,INR,BANKREF21043,settled
STL11044,txn11044,15959.51,2026-07-12,335.52,INR,BANKREF21044,settled
STL11045,TXN11045,29905.43,2026-06-08,610.32,INR,BANKREF21045,settled
STL11046,TXN11046,28748.89,2026-07-04,586.71,INR,BANKREF21046,settled
STL11047,TXN11047,50228.34,2026-06-28,1025.07,INR,BANKREF21047,settled
STL11048,TXN11048,71210.73,2026-08-03,1453.28,INR,BANKREF21048,settled
STL11049,TXN11049,58975.03,2026-07-03,1203.57,USD,BANKREF21049,settled
STL11050,TXN11050,64230.67,2026-06-06,1310.83,USD,BANKREF21050,settled
STL11051,TXN11051,2804.27,2026-07-11,57.23,INR,BANKREF21051,settled
STL11052,TXN11052,26528.93,2026-07-18,541.41,USD,BANKREF21052,settled
STL11053,TXN11053,50745.75,2026-06-11,1035.63,INR,BANKREF21053,settled
STL11054,TxN11054,27439.89,11/07/2026,560.00,INR,BANKREF21054,settled
STL11055,TXN11055,37841.19,2026-07-19,772.27,USD,BANKREF21055,settled
STL11056,TXN11056,29398.44,2026-07-29,599.97,INR,BANKREF21056,settled
STL11057,TXN11057,56707.23,2026-06-15,1157.29,INR,BANKREF21057,settled
STL11058,TXN11058,6836.77,2026-07-15,139.53,INR,BANKREF21058,settled
STL11059,TXN11059,23880.27,2026-07-16,487.35,INR,BANKREF21059,settled
STL11061,TXN11061,40470.61,2026-07-30,825.93,USD,BANKREF21061,settled
STL11062,TXN11062,51753.67,2026-07-24,1056.20,INR,BANKREF21062,settled
STL11063,TxN11063,"₹41,181.09",20/07/2026,840.43,USD,BANKREF21063,settled
STL11064,TXN11064,53624.04,2026-07-18,1094.37,INR,BANKREF21064,settled
STL11065,txn11065,2663.14 INR,07-20-2026,₹54.35,INR,BANKREF21065,settled
STL11066,TXN11066,54309.03,2026-07-03,1108.35,INR,BANKREF21066,settled
STL11067,TXN11067,65778.21,2026-07-09,1342.41,INR,BANKREF21067,settled
STL11068,TXN11068,53014.91,2026-06-25,1081.94,INR,BANKREF21068,settled
STL11070,TXN11070,53057.79,2026-07-09,1082.81,USD,BANKREF21070,settled
STL11071,TXN11071,19686.60,2026-06-09,401.77,USD,BANKREF21071,settled
STL11072,TXN11072,72985.52,2026-06-12,1492.41,INR,BANKREF21072,settled
STL11073,TXN11073,65779.68,2026-06-26,1342.44,INR,BANKREF21073,settled
STL11074,TXN11074,71351.05,2026-07-19,1456.14,INR,BANKREF21074,settled
STL11075,TXN11075,37397.19,2026-07-07,763.21,INR,BANKREF21075,settled
STL11076,TXN11076,52315.68,2026-07-27,1067.67,INR,BANKREF21076,settled
STL11077,TXN11077,46889.48,2026-07-03,4637.42,USD,BANKREF21077,settled
STL11078,TXN11078,49313.17,2026-06-28,1006.39,USD,BANKREF21078,settled
STL11079,TXN11079,62202.89,2026-07-18,1269.45,INR,BANKREF21079,settled
STL11080,TXN11080,67409.40,2026-06-20,1375.70,INR,BANKREF21080,settled
STL11081,TXN11081,18815.12,2026-07-24,383.98,INR,BANKREF21081,settled
STL11083,TXN11083,6513.62,2026-07-20,132.93,INR,BANKREF21083,settled
STL11084,TXN11084,55411.68,2026-07-19,1130.85,INR,BANKREF21084,settled
STL11085,TXN11085,42735.93,2026-07-18,872.16,INR,BANKREF21085,settled
STL11086,TXN11086,13109.16,2026-06-09,267.53,USD,BANKREF21086,settled
STL11087,TXN11087,33116.81,2026-06-12,675.85,INR,BANKREF21087,settled
STL11088,TXN11088,54809.17,2026-07-10,1128.54,INR,BANKREF21088,settled
STL11089,TXN11089,70221.49,2026-07-12,1433.09,INR,BANKREF21089,settled
STL11090,TXN11090,37257.78,2026-07-28,760.36,USD,BANKREF21090,settled
STL11091,TXN11091,7623.01,2026-07-29,160.78,INR,BANKREF21091,settled
STL11092,TXN11092,50347.54,2026-07-02,1027.50,USD,BANKREF21092,settled
STL11093,TXN11093,62443.39,2026-07-30,1274.35,USD,BANKREF21093,settled
STL11094,TXN11094,72951.12,2026-07-02,1488.80,INR,BANKREF21094,settled
STL11095,TXN11095,61785.31,2026-07-10,1260.92,INR,BANKREF21095,settled
STL11096,TxN11096,10173.89 INR,2026-07-18,207.63,INR,BANKREF21096,settled
STL11097,TXN11097,70173.92,2026-06-18,1432.12,INR,BANKREF21097,settled
STL11098,TXN11098,55199.43,2026-06-20,1126.52,INR,BANKREF21098,settled
STL11099,TXN11099,12746.86,2026-06-25,260.14,USD,BANKREF21099,settled
STL11100,TXN11100,54585.58,2026-07-08,1113.99,INR,BANKREF21100,settled
